lon,lat,name,type
36.58087,32.22838000000001,PL_Aqeb_Irbid,pipeline
36.56873,32.23177,PL_Aqeb_Irbid,pipeline
,,PL_Aqeb_Irbid,pipeline
36.56873,32.23177,PL_Aqeb_Irbid,pipeline
36.55322,32.23572,PL_Aqeb_Irbid,pipeline
,,PL_Aqeb_Irbid,pipeline
36.56873,32.23177,PL_Aqeb_Irbid,pipeline
36.55322,32.23572,PL_Aqeb_Irbid,pipeline
,,PL_Aqeb_Irbid,pipeline
36.55322,32.23572,PL_Aqeb_Irbid,pipeline
36.54648,32.23742,PL_Aqeb_Irbid,pipeline
36.5377,32.24082,PL_Aqeb_Irbid,pipeline
36.48276,32.25639999999999,PL_Aqeb_Irbid,pipeline
36.45399,32.26565999999999,PL_Aqeb_Irbid,pipeline
36.41255,32.27989,PL_Aqeb_Irbid,pipeline
36.32404,32.31294,PL_Aqeb_Irbid,pipeline
,,PL_Aqeb_Irbid,pipeline
36.55322,32.23572,PL_Aqeb_Irbid,pipeline
36.54648,32.23742,PL_Aqeb_Irbid,pipeline
36.5377,32.24082,PL_Aqeb_Irbid,pipeline
36.48276,32.25639999999999,PL_Aqeb_Irbid,pipeline
36.45399,32.26565999999999,PL_Aqeb_Irbid,pipeline
36.41255,32.27989,PL_Aqeb_Irbid,pipeline
36.32404,32.31294,PL_Aqeb_Irbid,pipeline
,,PL_Aqeb_Irbid,pipeline
36.32404,32.31294,PL_Aqeb_Irbid,pipeline
36.30802,32.3181,PL_Aqeb_Irbid,pipeline
,,PL_Aqeb_Irbid,pipeline
36.32404,32.31294,PL_Aqeb_Irbid,pipeline
36.30802,32.3181,PL_Aqeb_Irbid,pipeline
,,PL_Aqeb_Irbid,pipeline
36.30802,32.3181,PL_Aqeb_Irbid,pipeline
36.2975,32.32202,PL_Aqeb_Irbid,pipeline
,,PL_Aqeb_Irbid,pipeline
36.30802,32.3181,PL_Aqeb_Irbid,pipeline
36.2975,32.32202,PL_Aqeb_Irbid,pipeline
,,PL_Aqeb_Irbid,pipeline
36.2975,32.32202,PL_Aqeb_Irbid,pipeline
36.28449,32.32693999999999,PL_Aqeb_Irbid,pipeline
,,PL_Aqeb_Irbid,pipeline
36.2975,32.32202,PL_Aqeb_Irbid,pipeline
36.28449,32.32693999999999,PL_Aqeb_Irbid,pipeline
,,PL_Aqeb_Irbid,pipeline
36.28449,32.32693999999999,PL_Aqeb_Irbid,pipeline
36.21833,32.34864,PL_Aqeb_Irbid,pipeline
36.16158,32.369809999999994,PL_Aqeb_Irbid,pipeline
36.12677,32.38509,PL_Aqeb_Irbid,pipeline
,,PL_Aqeb_Irbid,pipeline
36.28449,32.32693999999999,PL_Aqeb_Irbid,pipeline
36.21833,32.34864,PL_Aqeb_Irbid,pipeline
36.16158,32.369809999999994,PL_Aqeb_Irbid,pipeline
36.12677,32.38509,PL_Aqeb_Irbid,pipeline
,,PL_Aqeb_Irbid,pipeline
36.12677,32.38509,PL_Aqeb_Irbid,pipeline
36.10927,32.391679999999994,PL_Aqeb_Irbid,pipeline
,,PL_Aqeb_Irbid,pipeline
36.12677,32.38509,PL_Aqeb_Irbid,pipeline
36.10927,32.391679999999994,PL_Aqeb_Irbid,pipeline
,,PL_Aqeb_Irbid,pipeline
36.10927,32.391679999999994,PL_Aqeb_Irbid,pipeline
36.10346,32.39399999999999,PL_Aqeb_Irbid,pipeline
36.09441,32.39689,PL_Aqeb_Irbid,pipeline
,,PL_Aqeb_Irbid,pipeline
36.10927,32.391679999999994,PL_Aqeb_Irbid,pipeline
36.10346,32.39399999999999,PL_Aqeb_Irbid,pipeline
36.09441,32.39689,PL_Aqeb_Irbid,pipeline
,,PL_Aqeb_Irbid,pipeline
36.09441,32.39689,PL_Aqeb_Irbid,pipeline
36.06719,32.40886,PL_Aqeb_Irbid,pipeline
36.048,32.40923,PL_Aqeb_Irbid,pipeline
35.98697,32.436240000000005,PL_Aqeb_Irbid,pipeline
,,PL_Aqeb_Irbid,pipeline
36.09441,32.39689,PL_Aqeb_Irbid,pipeline
36.06719,32.40886,PL_Aqeb_Irbid,pipeline
36.048,32.40923,PL_Aqeb_Irbid,pipeline
35.98697,32.436240000000005,PL_Aqeb_Irbid,pipeline
,,PL_Aqeb_Irbid,pipeline
35.98697,32.436240000000005,PL_Aqeb_Irbid,pipeline
35.94948,32.4501,PL_Aqeb_Irbid,pipeline
35.91532,32.46234,PL_Aqeb_Irbid,pipeline
,,PL_Aqeb_Irbid,pipeline
35.98697,32.436240000000005,PL_Aqeb_Irbid,pipeline
35.94948,32.4501,PL_Aqeb_Irbid,pipeline
35.91532,32.46234,PL_Aqeb_Irbid,pipeline
,,PL_Aqeb_Irbid,pipeline
35.91532,32.46234,PL_Aqeb_Irbid,pipeline
35.90616,32.4655,PL_Aqeb_Irbid,pipeline
,,PL_Aqeb_Irbid,pipeline
35.91532,32.46234,PL_Aqeb_Irbid,pipeline
35.90616,32.4655,PL_Aqeb_Irbid,pipeline
,,PL_Aqeb_Irbid,pipeline
35.90616,32.4655,PL_Aqeb_Irbid,pipeline
35.89523,32.469609999999996,PL_Aqeb_Irbid,pipeline
35.88552,32.47317,PL_Aqeb_Irbid,pipeline
35.87783,32.47656,PL_Aqeb_Irbid,pipeline
35.87165,32.47773000000001,PL_Aqeb_Irbid,pipeline
35.86043,32.4819,PL_Aqeb_Irbid,pipeline
,,PL_Aqeb_Irbid,pipeline
35.90616,32.4655,PL_Aqeb_Irbid,pipeline
35.89523,32.469609999999996,PL_Aqeb_Irbid,pipeline
35.88552,32.47317,PL_Aqeb_Irbid,pipeline
35.87783,32.47656,PL_Aqeb_Irbid,pipeline
35.87165,32.47773000000001,PL_Aqeb_Irbid,pipeline
35.86043,32.4819,PL_Aqeb_Irbid,pipeline
,,PL_Aqeb_Irbid,pipeline
35.86043,32.4819,PL_Aqeb_Irbid,pipeline
35.85777,32.48313000000001,PL_Aqeb_Irbid,pipeline
35.84989,32.48532999999999,PL_Aqeb_Irbid,pipeline
,,PL_Aqeb_Irbid,pipeline
35.86043,32.4819,PL_Aqeb_Irbid,pipeline
35.85777,32.48313000000001,PL_Aqeb_Irbid,pipeline
35.84989,32.48532999999999,PL_Aqeb_Irbid,pipeline
,,PL_Aqeb_Irbid,pipeline
35.84989,32.48532999999999,PL_Aqeb_Irbid,pipeline
35.84189,32.49686,PL_Aqeb_Irbid,pipeline
,,PL_Aqeb_Irbid,pipeline
35.67160998042572,32.58538989361736,PL_WadiArab_Irbid,pipeline
35.686849980454326,32.57630989357284,PL_WadiArab_Irbid,pipeline
,,PL_WadiArab_Irbid,pipeline
35.686849980454326,32.57630989357284,PL_WadiArab_Irbid,pipeline
35.69378904511715,32.5727215652781,PL_WadiArab_Irbid,pipeline
,,PL_WadiArab_Irbid,pipeline
35.67160998042572,32.58538989361736,PL_WadiArab_Irbid,pipeline
35.686849980454326,32.57630989357284,PL_WadiArab_Irbid,pipeline
,,PL_WadiArab_Irbid,pipeline
35.686849980454326,32.57630989357284,PL_WadiArab_Irbid,pipeline
35.69378904511715,32.5727215652781,PL_WadiArab_Irbid,pipeline
,,PL_WadiArab_Irbid,pipeline
35.69378904511715,32.5727215652781,PL_WadiArab_Irbid,pipeline
35.69847890041931,32.56964142719538,PL_WadiArab_Irbid,pipeline
35.704728789549,32.566451194706666,PL_WadiArab_Irbid,pipeline
,,PL_WadiArab_Irbid,pipeline
35.69378904511715,32.5727215652781,PL_WadiArab_Irbid,pipeline
35.69847890041931,32.56964142719538,PL_WadiArab_Irbid,pipeline
35.704728789549,32.566451194706666,PL_WadiArab_Irbid,pipeline
,,PL_WadiArab_Irbid,pipeline
35.704728789549,32.566451194706666,PL_WadiArab_Irbid,pipeline
35.72001,32.55558,PL_WadiArab_Irbid,pipeline
,,PL_WadiArab_Irbid,pipeline
35.704728789549,32.566451194706666,PL_WadiArab_Irbid,pipeline
35.72001,32.55558,PL_WadiArab_Irbid,pipeline
,,PL_WadiArab_Irbid,pipeline
35.72001,32.55558,PL_WadiArab_Irbid,pipeline
35.74103,32.54205000000001,PL_WadiArab_Irbid,pipeline
,,PL_WadiArab_Irbid,pipeline
35.72001,32.55558,PL_WadiArab_Irbid,pipeline
35.74103,32.54205000000001,PL_WadiArab_Irbid,pipeline
,,PL_WadiArab_Irbid,pipeline
35.74103,32.54205000000001,PL_WadiArab_Irbid,pipeline
35.76023,32.53576,PL_WadiArab_Irbid,pipeline
,,PL_WadiArab_Irbid,pipeline
35.74103,32.54205000000001,PL_WadiArab_Irbid,pipeline
35.76023,32.53576,PL_WadiArab_Irbid,pipeline
,,PL_WadiArab_Irbid,pipeline
35.76023,32.53576,PL_WadiArab_Irbid,pipeline
35.77122,32.5343,PL_WadiArab_Irbid,pipeline
35.79993,32.52913000000001,PL_WadiArab_Irbid,pipeline
,,PL_WadiArab_Irbid,pipeline
35.76023,32.53576,PL_WadiArab_Irbid,pipeline
35.77122,32.5343,PL_WadiArab_Irbid,pipeline
35.79993,32.52913000000001,PL_WadiArab_Irbid,pipeline
,,PL_WadiArab_Irbid,pipeline
35.79993,32.52913000000001,PL_WadiArab_Irbid,pipeline
35.81872,32.53101999999999,PL_WadiArab_Irbid,pipeline
,,PL_WadiArab_Irbid,pipeline
35.79993,32.52913000000001,PL_WadiArab_Irbid,pipeline
35.81872,32.53101999999999,PL_WadiArab_Irbid,pipeline
,,PL_WadiArab_Irbid,pipeline
35.81872,32.53101999999999,PL_WadiArab_Irbid,pipeline
35.83819,32.531890000000004,PL_WadiArab_Irbid,pipeline
,,PL_WadiArab_Irbid,pipeline
35.76225,31.512629999999998,PL_WLibMadaba,pipeline
35.76241,31.51525000000001,PL_WLibMadaba,pipeline
35.76222,31.518469999999997,PL_WLibMadaba,pipeline
,,PL_WLibMadaba,pipeline
35.76225,31.512629999999998,PL_WLibMadaba,pipeline
35.76241,31.51525000000001,PL_WLibMadaba,pipeline
35.76222,31.518469999999997,PL_WLibMadaba,pipeline
,,PL_WLibMadaba,pipeline
35.76222,31.518469999999997,PL_WLibMadaba,pipeline
35.763,31.52819,PL_WLibMadaba,pipeline
,,PL_WLibMadaba,pipeline
35.76222,31.518469999999997,PL_WLibMadaba,pipeline
35.763,31.52819,PL_WLibMadaba,pipeline
,,PL_WLibMadaba,pipeline
35.763,31.52819,PL_WLibMadaba,pipeline
35.76498,31.535100000000003,PL_WLibMadaba,pipeline
,,PL_WLibMadaba,pipeline
35.76222,31.518469999999997,PL_WLibMadaba,pipeline
35.763,31.52819,PL_WLibMadaba,pipeline
,,PL_WLibMadaba,pipeline
35.763,31.52819,PL_WLibMadaba,pipeline
35.76498,31.535100000000003,PL_WLibMadaba,pipeline
,,PL_WLibMadaba,pipeline
35.763,31.52819,PL_WLibMadaba,pipeline
35.76498,31.535100000000003,PL_WLibMadaba,pipeline
,,PL_WLibMadaba,pipeline
35.76498,31.535100000000003,PL_WLibMadaba,pipeline
35.7673,31.550340000000006,PL_WLibMadaba,pipeline
,,PL_WLibMadaba,pipeline
35.76498,31.535100000000003,PL_WLibMadaba,pipeline
35.7673,31.550340000000006,PL_WLibMadaba,pipeline
,,PL_WLibMadaba,pipeline
35.7673,31.550340000000006,PL_WLibMadaba,pipeline
35.77016,31.566110000000002,PL_WLibMadaba,pipeline
,,PL_WLibMadaba,pipeline
35.7673,31.550340000000006,PL_WLibMadaba,pipeline
35.77016,31.566110000000002,PL_WLibMadaba,pipeline
,,PL_WLibMadaba,pipeline
35.77016,31.566110000000002,PL_WLibMadaba,pipeline
35.79095,31.653999999999993,PL_WLibMadaba,pipeline
,,PL_WLibMadaba,pipeline
35.77016,31.566110000000002,PL_WLibMadaba,pipeline
35.79095,31.653999999999993,PL_WLibMadaba,pipeline
,,PL_WLibMadaba,pipeline
35.79095,31.653999999999993,PL_WLibMadaba,pipeline
35.79135,31.664070000000002,PL_WLibMadaba,pipeline
35.79305,31.665560000000003,PL_WLibMadaba,pipeline
35.79127,31.66994,PL_WLibMadaba,pipeline
35.79605,31.7128,PL_WLibMadaba,pipeline
35.81221,31.775039999999994,PL_WLibMadaba,pipeline
35.89976,31.80859999999999,PL_WLibMadaba,pipeline
,,PL_WLibMadaba,pipeline
35.79095,31.653999999999993,PL_WLibMadaba,pipeline
35.79135,31.664070000000002,PL_WLibMadaba,pipeline
35.79305,31.665560000000003,PL_WLibMadaba,pipeline
35.79127,31.66994,PL_WLibMadaba,pipeline
35.79605,31.7128,PL_WLibMadaba,pipeline
35.81221,31.775039999999994,PL_WLibMadaba,pipeline
35.89976,31.80859999999999,PL_WLibMadaba,pipeline
,,PL_WLibMadaba,pipeline
35.85526,32.68551,PL_BaniKinana,pipeline
35.85132,32.693580000000004,PL_BaniKinana,pipeline
,,PL_BaniKinana,pipeline
35.85132,32.693580000000004,PL_BaniKinana,pipeline
35.84738,32.70165000000001,PL_BaniKinana,pipeline
35.84046,32.70506999999999,PL_BaniKinana,pipeline
,,PL_BaniKinana,pipeline
35.85132,32.693580000000004,PL_BaniKinana,pipeline
35.84738,32.70165000000001,PL_BaniKinana,pipeline
35.84046,32.70506999999999,PL_BaniKinana,pipeline
,,PL_BaniKinana,pipeline
35.84046,32.70506999999999,PL_BaniKinana,pipeline
35.82227,32.71449,PL_BaniKinana,pipeline
,,PL_BaniKinana,pipeline
35.84046,32.70506999999999,PL_BaniKinana,pipeline
35.82227,32.71449,PL_BaniKinana,pipeline
,,PL_BaniKinana,pipeline
35.82227,32.71449,PL_BaniKinana,pipeline
35.81312,32.71909,PL_BaniKinana,pipeline
,,PL_BaniKinana,pipeline
36.81551,31.919300000000003,PL_ToKhaw,pipeline
36.80898,31.91185,PL_ToKhaw,pipeline
,,PL_ToKhaw,pipeline
36.80898,31.91185,PL_ToKhaw,pipeline
36.79081,31.89754,PL_ToKhaw,pipeline
,,PL_ToKhaw,pipeline
36.80898,31.91185,PL_ToKhaw,pipeline
36.79081,31.89754,PL_ToKhaw,pipeline
,,PL_ToKhaw,pipeline
36.79081,31.89754,PL_ToKhaw,pipeline
36.76178,31.87142,PL_ToKhaw,pipeline
,,PL_ToKhaw,pipeline
36.79081,31.89754,PL_ToKhaw,pipeline
36.76178,31.87142,PL_ToKhaw,pipeline
,,PL_ToKhaw,pipeline
36.76178,31.87142,PL_ToKhaw,pipeline
36.72754,31.888109999999998,PL_ToKhaw,pipeline
36.67608,31.89679,PL_ToKhaw,pipeline
36.57174,31.92672,PL_ToKhaw,pipeline
,,PL_ToKhaw,pipeline
36.76178,31.87142,PL_ToKhaw,pipeline
36.72754,31.888109999999998,PL_ToKhaw,pipeline
36.67608,31.89679,PL_ToKhaw,pipeline
36.57174,31.92672,PL_ToKhaw,pipeline
,,PL_ToKhaw,pipeline
36.57174,31.92672,PL_ToKhaw,pipeline
36.43766,32.003629999999994,PL_ToKhaw,pipeline
,,PL_ToKhaw,pipeline
36.57174,31.92672,PL_ToKhaw,pipeline
36.43766,32.003629999999994,PL_ToKhaw,pipeline
,,PL_ToKhaw,pipeline
36.43766,32.003629999999994,PL_ToKhaw,pipeline
36.42487,32.01,PL_ToKhaw,pipeline
36.41841,32.0125,PL_ToKhaw,pipeline
36.37522,32.032979999999995,PL_ToKhaw,pipeline
,,PL_ToKhaw,pipeline
36.43766,32.003629999999994,PL_ToKhaw,pipeline
36.42487,32.01,PL_ToKhaw,pipeline
36.41841,32.0125,PL_ToKhaw,pipeline
36.37522,32.032979999999995,PL_ToKhaw,pipeline
,,PL_ToKhaw,pipeline
36.37522,32.032979999999995,PL_ToKhaw,pipeline
36.35811,32.04166,PL_ToKhaw,pipeline
36.32033,32.059139999999985,PL_ToKhaw,pipeline
36.2941,32.05775,PL_ToKhaw,pipeline
,,PL_ToKhaw,pipeline
36.37522,32.032979999999995,PL_ToKhaw,pipeline
36.35811,32.04166,PL_ToKhaw,pipeline
36.32033,32.059139999999985,PL_ToKhaw,pipeline
36.2941,32.05775,PL_ToKhaw,pipeline
,,PL_ToKhaw,pipeline
36.2941,32.05775,PL_ToKhaw,pipeline
36.27176,32.06723,PL_ToKhaw,pipeline
,,PL_ToKhaw,pipeline
36.2941,32.05775,PL_ToKhaw,pipeline
36.27176,32.06723,PL_ToKhaw,pipeline
,,PL_ToKhaw,pipeline
36.27176,32.06723,PL_ToKhaw,pipeline
36.26461,32.07001,PL_ToKhaw,pipeline
36.25281,32.074839999999995,PL_ToKhaw,pipeline
,,PL_ToKhaw,pipeline
36.27176,32.06723,PL_ToKhaw,pipeline
36.26461,32.07001,PL_ToKhaw,pipeline
36.25281,32.074839999999995,PL_ToKhaw,pipeline
,,PL_ToKhaw,pipeline
36.25281,32.074839999999995,PL_ToKhaw,pipeline
36.24947,32.07578999999999,PL_ToKhaw,pipeline
36.23551,32.07969,PL_ToKhaw,pipeline
,,PL_ToKhaw,pipeline
36.25281,32.074839999999995,PL_ToKhaw,pipeline
36.24947,32.07578999999999,PL_ToKhaw,pipeline
36.23551,32.07969,PL_ToKhaw,pipeline
,,PL_ToKhaw,pipeline
36.23551,32.07969,PL_ToKhaw,pipeline
36.21816,32.080659999999995,PL_ToKhaw,pipeline
,,PL_ToKhaw,pipeline
36.23551,32.07969,PL_ToKhaw,pipeline
36.21816,32.080659999999995,PL_ToKhaw,pipeline
,,PL_ToKhaw,pipeline
36.21816,32.080659999999995,PL_ToKhaw,pipeline
36.202560000000005,32.08278000000001,PL_ToKhaw,pipeline
,,PL_ToKhaw,pipeline
36.21816,32.080659999999995,PL_ToKhaw,pipeline
36.202560000000005,32.08278000000001,PL_ToKhaw,pipeline
,,PL_ToKhaw,pipeline
36.202560000000005,32.08278000000001,PL_ToKhaw,pipeline
36.18659,32.08413999999999,PL_ToKhaw,pipeline
36.17728,32.08376,PL_ToKhaw,pipeline
36.11086,32.0549,PL_ToKhaw,pipeline
36.10006,32.05333,PL_ToKhaw,pipeline
36.09697,32.049549999999996,PL_ToKhaw,pipeline
36.08962,32.04702,PL_ToKhaw,pipeline
36.08464,32.04485,PL_ToKhaw,pipeline
36.08212,32.044,PL_ToKhaw,pipeline
,,PL_ToKhaw,pipeline
36.202560000000005,32.08278000000001,PL_ToKhaw,pipeline
36.18659,32.08413999999999,PL_ToKhaw,pipeline
36.17728,32.08376,PL_ToKhaw,pipeline
36.11086,32.0549,PL_ToKhaw,pipeline
36.10006,32.05333,PL_ToKhaw,pipeline
36.09697,32.049549999999996,PL_ToKhaw,pipeline
36.08962,32.04702,PL_ToKhaw,pipeline
36.08464,32.04485,PL_ToKhaw,pipeline
36.08212,32.044,PL_ToKhaw,pipeline
,,PL_ToKhaw,pipeline
36.08212,32.044,PL_ToKhaw,pipeline
36.08008,32.04251,PL_ToKhaw,pipeline
36.07585,32.04084,PL_ToKhaw,pipeline
36.07116,32.038900000000005,PL_ToKhaw,pipeline
,,PL_ToKhaw,pipeline
36.08212,32.044,PL_ToKhaw,pipeline
36.08008,32.04251,PL_ToKhaw,pipeline
36.07585,32.04084,PL_ToKhaw,pipeline
36.07116,32.038900000000005,PL_ToKhaw,pipeline
,,PL_ToKhaw,pipeline
36.07116,32.038900000000005,PL_ToKhaw,pipeline
36.06898,32.03836,PL_ToKhaw,pipeline
36.06284,32.038129999999995,PL_ToKhaw,pipeline
,,PL_ToKhaw,pipeline
36.07116,32.038900000000005,PL_ToKhaw,pipeline
36.06898,32.03836,PL_ToKhaw,pipeline
36.06284,32.038129999999995,PL_ToKhaw,pipeline
,,PL_ToKhaw,pipeline
36.06284,32.038129999999995,PL_ToKhaw,pipeline
36.05978,32.03743000000001,PL_ToKhaw,pipeline
36.05791,32.034180000000006,PL_ToKhaw,pipeline
,,PL_ToKhaw,pipeline
36.06284,32.038129999999995,PL_ToKhaw,pipeline
36.05978,32.03743000000001,PL_ToKhaw,pipeline
36.05791,32.034180000000006,PL_ToKhaw,pipeline
,,PL_ToKhaw,pipeline
36.05791,32.034180000000006,PL_ToKhaw,pipeline
36.0552,32.03235,PL_ToKhaw,pipeline
36.05414,32.03183,PL_ToKhaw,pipeline
36.05256,32.03065,PL_ToKhaw,pipeline
36.04824,32.02713,PL_ToKhaw,pipeline
,,PL_ToKhaw,pipeline
36.45314,32.11381000000001,PS_Halabat,pipeline
36.45779,32.10404,PS_Halabat,pipeline
,,PS_Halabat,pipeline
36.45779,32.10404,PS_Halabat,pipeline
36.46288,32.09313999999999,PS_Halabat,pipeline
,,PS_Halabat,pipeline
36.45779,32.10404,PS_Halabat,pipeline
36.46288,32.09313999999999,PS_Halabat,pipeline
,,PS_Halabat,pipeline
36.46288,32.09313999999999,PS_Halabat,pipeline
36.44351,32.08354,PS_Halabat,pipeline
36.40923,32.07945,PS_Halabat,pipeline
,,PS_Halabat,pipeline
36.46288,32.09313999999999,PS_Halabat,pipeline
36.44351,32.08354,PS_Halabat,pipeline
36.40923,32.07945,PS_Halabat,pipeline
,,PS_Halabat,pipeline
36.40923,32.07945,PS_Halabat,pipeline
36.39278,32.0572,PS_Halabat,pipeline
36.37522,32.032979999999995,PS_Halabat,pipeline
,,PS_Halabat,pipeline
36.40923,32.07945,PS_Halabat,pipeline
36.39278,32.0572,PS_Halabat,pipeline
36.37522,32.032979999999995,PS_Halabat,pipeline
,,PS_Halabat,pipeline
36.06969,32.14205,PS_QunayyaWell,pipeline
36.08249,32.14166,PS_QunayyaWell,pipeline
,,PS_QunayyaWell,pipeline
36.08249,32.14166,PS_QunayyaWell,pipeline
36.09383,32.14941,PS_QunayyaWell,pipeline
,,PS_QunayyaWell,pipeline
36.08249,32.14166,PS_QunayyaWell,pipeline
36.09383,32.14941,PS_QunayyaWell,pipeline
,,PS_QunayyaWell,pipeline
36.09383,32.14941,PS_QunayyaWell,pipeline
36.10516,32.16014,PS_QunayyaWell,pipeline
36.11417,32.16961,PS_QunayyaWell,pipeline
36.1242,32.17829,PS_QunayyaWell,pipeline
,,PS_QunayyaWell,pipeline
36.09383,32.14941,PS_QunayyaWell,pipeline
36.10516,32.16014,PS_QunayyaWell,pipeline
36.11417,32.16961,PS_QunayyaWell,pipeline
36.1242,32.17829,PS_QunayyaWell,pipeline
,,PS_QunayyaWell,pipeline
36.1242,32.17829,PS_QunayyaWell,pipeline
36.13088,32.18370000000001,PS_QunayyaWell,pipeline
,,PS_QunayyaWell,pipeline
36.1242,32.17829,PS_QunayyaWell,pipeline
36.13088,32.18370000000001,PS_QunayyaWell,pipeline
,,PS_QunayyaWell,pipeline
36.13088,32.18370000000001,PS_QunayyaWell,pipeline
36.13566,32.18755,PS_QunayyaWell,pipeline
,,PS_QunayyaWell,pipeline
36.13088,32.18370000000001,PS_QunayyaWell,pipeline
36.13566,32.18755,PS_QunayyaWell,pipeline
,,PS_QunayyaWell,pipeline
36.13566,32.18755,PS_QunayyaWell,pipeline
36.13948,32.19035999999999,PS_QunayyaWell,pipeline
,,PS_QunayyaWell,pipeline
36.11926,32.02031,PS_Awayan,pipeline
36.09989,32.02566000000001,PS_Awayan,pipeline
,,PS_Awayan,pipeline
36.09989,32.02566000000001,PS_Awayan,pipeline
36.0898,32.02889999999999,PS_Awayan,pipeline
,,PS_Awayan,pipeline
36.09989,32.02566000000001,PS_Awayan,pipeline
36.0898,32.02889999999999,PS_Awayan,pipeline
,,PS_Awayan,pipeline
36.0898,32.02889999999999,PS_Awayan,pipeline
36.07876,32.031000000000006,PS_Awayan,pipeline
,,PS_Awayan,pipeline
36.11388,32.13313999999999,PS_Zarqa,pipeline
36.10338,32.13104,PS_Zarqa,pipeline
36.09376,32.12664000000001,PS_Zarqa,pipeline
,,PS_Zarqa,pipeline
36.09376,32.12664000000001,PS_Zarqa,pipeline
36.0768,32.1232,PS_Zarqa,pipeline
,,PS_Zarqa,pipeline
36.09376,32.12664000000001,PS_Zarqa,pipeline
36.0768,32.1232,PS_Zarqa,pipeline
,,PS_Zarqa,pipeline
36.0768,32.1232,PS_Zarqa,pipeline
36.0557,32.13358,PS_Zarqa,pipeline
36.05073,32.13317,PS_Zarqa,pipeline
,,PS_Zarqa,pipeline
36.04175,32.04258999999999,PS_AlBasateen,pipeline
36.03717,32.04462,PS_AlBasateen,pipeline
36.03349,32.04452,PS_AlBasateen,pipeline
,,PS_AlBasateen,pipeline
36.03349,32.04452,PS_AlBasateen,pipeline
36.03089,32.045579999999994,PS_AlBasateen,pipeline
36.01562,32.04484,PS_AlBasateen,pipeline
,,PS_AlBasateen,pipeline
36.03349,32.04452,PS_AlBasateen,pipeline
36.03089,32.045579999999994,PS_AlBasateen,pipeline
36.01562,32.04484,PS_AlBasateen,pipeline
,,PS_AlBasateen,pipeline
36.01562,32.04484,PS_AlBasateen,pipeline
36.00401,32.0327,PS_AlBasateen,pipeline
,,PS_AlBasateen,pipeline
36.01562,32.04484,PS_AlBasateen,pipeline
36.00401,32.0327,PS_AlBasateen,pipeline
,,PS_AlBasateen,pipeline
36.00401,32.0327,PS_AlBasateen,pipeline
35.99506,32.02886999999999,PS_AlBasateen,pipeline
,,PS_AlBasateen,pipeline
35.95555,32.09821,PS_UmRummaneh,pipeline
35.94856,32.09577,PS_UmRummaneh,pipeline
,,PS_UmRummaneh,pipeline
35.94856,32.09577,PS_UmRummaneh,pipeline
35.9316,32.09917,PS_UmRummaneh,pipeline
,,PS_UmRummaneh,pipeline
35.94856,32.09577,PS_UmRummaneh,pipeline
35.9316,32.09917,PS_UmRummaneh,pipeline
,,PS_UmRummaneh,pipeline
35.9316,32.09917,PS_UmRummaneh,pipeline
35.92349,32.09866,PS_UmRummaneh,pipeline
35.91616,32.10656,PS_UmRummaneh,pipeline
,,PS_UmRummaneh,pipeline
35.9316,32.09917,PS_UmRummaneh,pipeline
35.92349,32.09866,PS_UmRummaneh,pipeline
35.91616,32.10656,PS_UmRummaneh,pipeline
,,PS_UmRummaneh,pipeline
35.91616,32.10656,PS_UmRummaneh,pipeline
35.90696,32.10668,PS_UmRummaneh,pipeline
35.89983,32.10702,PS_UmRummaneh,pipeline
,,PS_UmRummaneh,pipeline
35.91616,32.10656,PS_UmRummaneh,pipeline
35.90696,32.10668,PS_UmRummaneh,pipeline
35.89983,32.10702,PS_UmRummaneh,pipeline
,,PS_UmRummaneh,pipeline
35.89983,32.10702,PS_UmRummaneh,pipeline
35.89459,32.10482,PS_UmRummaneh,pipeline
35.8912,32.09974,PS_UmRummaneh,pipeline
35.88284,32.093199999999996,PS_UmRummaneh,pipeline
35.88116,32.09283,PS_UmRummaneh,pipeline
35.87822,32.09172,PS_UmRummaneh,pipeline
35.87406,32.08917999999999,PS_UmRummaneh,pipeline
,,PS_UmRummaneh,pipeline
35.89983,32.10702,PS_UmRummaneh,pipeline
35.89459,32.10482,PS_UmRummaneh,pipeline
35.8912,32.09974,PS_UmRummaneh,pipeline
35.88284,32.093199999999996,PS_UmRummaneh,pipeline
35.88116,32.09283,PS_UmRummaneh,pipeline
35.87822,32.09172,PS_UmRummaneh,pipeline
35.87406,32.08917999999999,PS_UmRummaneh,pipeline
,,PS_UmRummaneh,pipeline
35.87406,32.08917999999999,PS_UmRummaneh,pipeline
35.86986,32.085180000000015,PS_UmRummaneh,pipeline
35.85965,32.07385,PS_UmRummaneh,pipeline
,,PS_UmRummaneh,pipeline
35.87406,32.08917999999999,PS_UmRummaneh,pipeline
35.86986,32.085180000000015,PS_UmRummaneh,pipeline
35.85965,32.07385,PS_UmRummaneh,pipeline
,,PS_UmRummaneh,pipeline
35.89983,32.10702,PL_BereinJarash,pipeline
35.89462,32.13921,PL_BereinJarash,pipeline
35.88522,32.21218,PL_BereinJarash,pipeline
35.88544,32.21771,PL_BereinJarash,pipeline
35.89632,32.233,PL_BereinJarash,pipeline
35.91586,32.26140000000001,PL_BereinJarash,pipeline
35.9306,32.28385999999999,PL_BereinJarash,pipeline
,,PL_BereinJarash,pipeline
35.89983,32.10702,PL_BereinJarash,pipeline
35.89462,32.13921,PL_BereinJarash,pipeline
35.88522,32.21218,PL_BereinJarash,pipeline
35.88544,32.21771,PL_BereinJarash,pipeline
35.89632,32.233,PL_BereinJarash,pipeline
35.91586,32.26140000000001,PL_BereinJarash,pipeline
35.9306,32.28385999999999,PL_BereinJarash,pipeline
,,PL_BereinJarash,pipeline
36.09441,32.39689,PL_UmLulu_Jerash,pipeline
36.04129,32.35927,PL_UmLulu_Jerash,pipeline
36.00087,32.33532,PL_UmLulu_Jerash,pipeline
35.954,32.32784,PL_UmLulu_Jerash,pipeline
35.89992,32.322340000000004,PL_UmLulu_Jerash,pipeline
,,PL_UmLulu_Jerash,pipeline
36.09441,32.39689,PL_UmLulu_Jerash,pipeline
36.04129,32.35927,PL_UmLulu_Jerash,pipeline
36.00087,32.33532,PL_UmLulu_Jerash,pipeline
35.954,32.32784,PL_UmLulu_Jerash,pipeline
35.89992,32.322340000000004,PL_UmLulu_Jerash,pipeline
,,PL_UmLulu_Jerash,pipeline
35.77247,32.31005,PS_Ajloun,pipeline
35.77725,32.31198,PS_Ajloun,pipeline
35.78634000000001,32.31786,PS_Ajloun,pipeline
,,PS_Ajloun,pipeline
35.78634000000001,32.31786,PS_Ajloun,pipeline
35.79029,32.32975999999999,PS_Ajloun,pipeline
,,PS_Ajloun,pipeline
35.78634000000001,32.31786,PS_Ajloun,pipeline
35.79029,32.32975999999999,PS_Ajloun,pipeline
,,PS_Ajloun,pipeline
35.79029,32.32975999999999,PS_Ajloun,pipeline
35.78686,32.34019,PS_Ajloun,pipeline
,,PS_Ajloun,pipeline
35.79029,32.32975999999999,PS_Ajloun,pipeline
35.78686,32.34019,PS_Ajloun,pipeline
,,PS_Ajloun,pipeline
35.78686,32.34019,PS_Ajloun,pipeline
35.77936,32.35571000000001,PS_Ajloun,pipeline
,,PS_Ajloun,pipeline
35.78686,32.34019,PS_Ajloun,pipeline
35.77936,32.35571000000001,PS_Ajloun,pipeline
,,PS_Ajloun,pipeline
35.77936,32.35571000000001,PS_Ajloun,pipeline
35.77577000000001,32.36251,PS_Ajloun,pipeline
35.77314,32.369310000000006,PS_Ajloun,pipeline
,,PS_Ajloun,pipeline
35.84989,32.48532999999999,PL_Hofa_Ajloun,pipeline
35.84654,32.47740999999999,PL_Hofa_Ajloun,pipeline
35.83793,32.453520000000005,PL_Hofa_Ajloun,pipeline
35.83551,32.44901,PL_Hofa_Ajloun,pipeline
35.83206,32.43294,PL_Hofa_Ajloun,pipeline
35.82821,32.42524,PL_Hofa_Ajloun,pipeline
35.80062,32.369690000000006,PL_Hofa_Ajloun,pipeline
35.78686,32.34019,PL_Hofa_Ajloun,pipeline
,,PL_Hofa_Ajloun,pipeline
35.84989,32.48532999999999,PL_Hofa_Ajloun,pipeline
35.84654,32.47740999999999,PL_Hofa_Ajloun,pipeline
35.83793,32.453520000000005,PL_Hofa_Ajloun,pipeline
35.83551,32.44901,PL_Hofa_Ajloun,pipeline
35.83206,32.43294,PL_Hofa_Ajloun,pipeline
35.82821,32.42524,PL_Hofa_Ajloun,pipeline
35.80062,32.369690000000006,PL_Hofa_Ajloun,pipeline
35.78686,32.34019,PL_Hofa_Ajloun,pipeline
,,PL_Hofa_Ajloun,pipeline
35.88488,32.59139,PL_Yarmouk Wells Irbid,pipeline
35.88613,32.58448,PL_Yarmouk Wells Irbid,pipeline
,,PL_Yarmouk Wells Irbid,pipeline
35.88613,32.58448,PL_Yarmouk Wells Irbid,pipeline
35.88117,32.576530000000005,PL_Yarmouk Wells Irbid,pipeline
,,PL_Yarmouk Wells Irbid,pipeline
35.88613,32.58448,PL_Yarmouk Wells Irbid,pipeline
35.88117,32.576530000000005,PL_Yarmouk Wells Irbid,pipeline
,,PL_Yarmouk Wells Irbid,pipeline
35.88117,32.576530000000005,PL_Yarmouk Wells Irbid,pipeline
35.88052,32.56598,PL_Yarmouk Wells Irbid,pipeline
,,PL_Yarmouk Wells Irbid,pipeline
36.02047,32.56094,PL_Ramtha,pipeline
36.03419,32.569300000000005,PL_Ramtha,pipeline
,,PL_Ramtha,pipeline
36.03419,32.569300000000005,PL_Ramtha,pipeline
36.04299,32.58174,PL_Ramtha,pipeline
,,PL_Ramtha,pipeline
36.03419,32.569300000000005,PL_Ramtha,pipeline
36.04299,32.58174,PL_Ramtha,pipeline
,,PL_Ramtha,pipeline
36.04299,32.58174,PL_Ramtha,pipeline
36.04608,32.596199999999996,PL_Ramtha,pipeline
,,PL_Ramtha,pipeline
36.04299,32.58174,PL_Ramtha,pipeline
36.04608,32.596199999999996,PL_Ramtha,pipeline
,,PL_Ramtha,pipeline
36.04608,32.596199999999996,PL_Ramtha,pipeline
36.17126,32.426269999999995,PL_Ramtha,pipeline
,,PL_Ramtha,pipeline
35.98697,32.436240000000005,PL_ZatariRamtha,pipeline
35.99948,32.47759,PL_ZatariRamtha,pipeline
36.00588,32.50286,PL_ZatariRamtha,pipeline
,,PL_ZatariRamtha,pipeline
35.98697,32.436240000000005,PL_ZatariRamtha,pipeline
35.99948,32.47759,PL_ZatariRamtha,pipeline
36.00588,32.50286,PL_ZatariRamtha,pipeline
,,PL_ZatariRamtha,pipeline
36.00588,32.50286,PL_ZatariRamtha,pipeline
36.01310000000001,32.53154000000001,PL_ZatariRamtha,pipeline
,,PL_ZatariRamtha,pipeline
36.00588,32.50286,PL_ZatariRamtha,pipeline
36.01310000000001,32.53154000000001,PL_ZatariRamtha,pipeline
,,PL_ZatariRamtha,pipeline
36.01310000000001,32.53154000000001,PL_ZatariRamtha,pipeline
36.02386,32.55107999999999,PL_ZatariRamtha,pipeline
36.03419,32.569300000000005,PL_ZatariRamtha,pipeline
,,PL_ZatariRamtha,pipeline
36.01310000000001,32.53154000000001,PL_ZatariRamtha,pipeline
36.02386,32.55107999999999,PL_ZatariRamtha,pipeline
36.03419,32.569300000000005,PL_ZatariRamtha,pipeline
,,PL_ZatariRamtha,pipeline
36.55322,32.23572,PS_NorthBadia,pipeline
36.56329,32.24422,PS_NorthBadia,pipeline
36.56729,32.25123,PS_NorthBadia,pipeline
36.581430000000005,32.264579999999995,PS_NorthBadia,pipeline
36.5881,32.267900000000004,PS_NorthBadia,pipeline
36.59387,32.2743,PS_NorthBadia,pipeline
,,PS_NorthBadia,pipeline
36.55322,32.23572,PS_NorthBadia,pipeline
36.56329,32.24422,PS_NorthBadia,pipeline
36.56729,32.25123,PS_NorthBadia,pipeline
36.581430000000005,32.264579999999995,PS_NorthBadia,pipeline
36.5881,32.267900000000004,PS_NorthBadia,pipeline
36.59387,32.2743,PS_NorthBadia,pipeline
,,PS_NorthBadia,pipeline
36.59387,32.2743,PS_NorthBadia,pipeline
36.60104,32.281929999999996,PS_NorthBadia,pipeline
36.60757,32.283989999999996,PS_NorthBadia,pipeline
,,PS_NorthBadia,pipeline
36.59387,32.2743,PS_NorthBadia,pipeline
36.60104,32.281929999999996,PS_NorthBadia,pipeline
36.60757,32.283989999999996,PS_NorthBadia,pipeline
,,PS_NorthBadia,pipeline
36.60757,32.283989999999996,PS_NorthBadia,pipeline
36.62772,32.30008,PS_NorthBadia,pipeline
,,PS_NorthBadia,pipeline
36.30802,32.3181,PL_ZatariKhaw,pipeline
36.29744,32.29998,PL_ZatariKhaw,pipeline
36.2738,32.2672,PL_ZatariKhaw,pipeline
36.2626,32.239050000000006,PL_ZatariKhaw,pipeline
36.21816,32.080659999999995,PL_ZatariKhaw,pipeline
,,PL_ZatariKhaw,pipeline
36.30802,32.3181,PL_ZatariKhaw,pipeline
36.29744,32.29998,PL_ZatariKhaw,pipeline
36.2738,32.2672,PL_ZatariKhaw,pipeline
36.2626,32.239050000000006,PL_ZatariKhaw,pipeline
36.21816,32.080659999999995,PL_ZatariKhaw,pipeline
,,PL_ZatariKhaw,pipeline
36.24076,32.23236,PS_Mafraq,pipeline
36.23698,32.23816,PS_Mafraq,pipeline
,,PS_Mafraq,pipeline
36.23698,32.23816,PS_Mafraq,pipeline
36.22717,32.25249999999999,PS_Mafraq,pipeline
,,PS_Mafraq,pipeline
36.23698,32.23816,PS_Mafraq,pipeline
36.22717,32.25249999999999,PS_Mafraq,pipeline
,,PS_Mafraq,pipeline
36.22717,32.25249999999999,PS_Mafraq,pipeline
36.2233,32.26213,PS_Mafraq,pipeline
36.21876,32.27141,PS_Mafraq,pipeline
,,PS_Mafraq,pipeline
36.22717,32.25249999999999,PS_Mafraq,pipeline
36.2233,32.26213,PS_Mafraq,pipeline
36.21876,32.27141,PS_Mafraq,pipeline
,,PS_Mafraq,pipeline
36.21876,32.27141,PS_Mafraq,pipeline
36.21985,32.28331,PS_Mafraq,pipeline
,,PS_Mafraq,pipeline
36.21876,32.27141,PS_Mafraq,pipeline
36.21985,32.28331,PS_Mafraq,pipeline
,,PS_Mafraq,pipeline
36.21985,32.28331,PS_Mafraq,pipeline
36.21862,32.29485,PS_Mafraq,pipeline
,,PS_Mafraq,pipeline
35.559389980577095,31.91221989038219,PS_ShJanoub,pipeline
35.56481998058821,31.906969890356837,PS_ShJanoub,pipeline
,,PS_ShJanoub,pipeline
35.56481998058821,31.906969890356837,PS_ShJanoub,pipeline
35.56827998059427,31.90565989035037,PS_ShJanoub,pipeline
35.56963998059703,31.90436989034413,PS_ShJanoub,pipeline
35.572009980602274,31.901289890329302,PS_ShJanoub,pipeline
,,PS_ShJanoub,pipeline
35.56481998058821,31.906969890356837,PS_ShJanoub,pipeline
35.56827998059427,31.90565989035037,PS_ShJanoub,pipeline
35.56963998059703,31.90436989034413,PS_ShJanoub,pipeline
35.572009980602274,31.901289890329302,PS_ShJanoub,pipeline
,,PS_ShJanoub,pipeline
35.572009980602274,31.901289890329302,PS_ShJanoub,pipeline
35.576259980610224,31.898659890316498,PS_ShJanoub,pipeline
35.57930998061525,31.89815989031395,PS_ShJanoub,pipeline
,,PS_ShJanoub,pipeline
35.572009980602274,31.901289890329302,PS_ShJanoub,pipeline
35.576259980610224,31.898659890316498,PS_ShJanoub,pipeline
35.57930998061525,31.89815989031395,PS_ShJanoub,pipeline
,,PS_ShJanoub,pipeline
35.57930998061525,31.89815989031395,PS_ShJanoub,pipeline
35.58654998062614,31.899049890317787,PS_ShJanoub,pipeline
35.603759980653024,31.899049890316807,PS_ShJanoub,pipeline
,,PS_ShJanoub,pipeline
35.57547998044439,32.23231989191568,PL_KACToZay,pipeline
35.586329980468705,32.217719891844986,PL_KACToZay,pipeline
35.59378998048437,32.20978989180651,PL_KACToZay,pipeline
,,PL_KACToZay,pipeline
35.59378998048437,32.20978989180651,PL_KACToZay,pipeline
35.600229980497424,32.203919891777986,PL_KACToZay,pipeline
35.60525998050721,32.200099891759386,PL_KACToZay,pipeline
35.612709980522645,32.1925598917228,PL_KACToZay,pipeline
35.61663998052993,32.190329891711905,PL_KACToZay,pipeline
,,PL_KACToZay,pipeline
35.57547998044439,32.23231989191568,PL_KACToZay,pipeline
35.586329980468705,32.217719891844986,PL_KACToZay,pipeline
35.59378998048437,32.20978989180651,PL_KACToZay,pipeline
,,PL_KACToZay,pipeline
35.59378998048437,32.20978989180651,PL_KACToZay,pipeline
35.600229980497424,32.203919891777986,PL_KACToZay,pipeline
35.60525998050721,32.200099891759386,PL_KACToZay,pipeline
35.612709980522645,32.1925598917228,PL_KACToZay,pipeline
35.61663998052993,32.190329891711905,PL_KACToZay,pipeline
,,PL_KACToZay,pipeline
35.61663998052993,32.190329891711905,PL_KACToZay,pipeline
35.62247998054163,32.185269891687305,PL_KACToZay,pipeline
35.626969980551294,32.17994989166153,PL_KACToZay,pipeline
35.68360998066166,32.13629989144915,PL_KACToZay,pipeline
35.71669,32.09604,PL_KACToZay,pipeline
,,PL_KACToZay,pipeline
35.61663998052993,32.190329891711905,PL_KACToZay,pipeline
35.62247998054163,32.185269891687305,PL_KACToZay,pipeline
35.626969980551294,32.17994989166153,PL_KACToZay,pipeline
35.68360998066166,32.13629989144915,PL_KACToZay,pipeline
35.71669,32.09604,PL_KACToZay,pipeline
,,PL_KACToZay,pipeline
35.580049980484226,32.16589989159619,PS_DeirAllaDistrict,pipeline
35.58177998048919,32.161329891574155,PS_DeirAllaDistrict,pipeline
,,PS_DeirAllaDistrict,pipeline
35.58177998048919,32.161329891574155,PS_DeirAllaDistrict,pipeline
35.58476998049875,32.151479891526705,PS_DeirAllaDistrict,pipeline
,,PS_DeirAllaDistrict,pipeline
35.58177998048919,32.161329891574155,PS_DeirAllaDistrict,pipeline
35.58476998049875,32.151479891526705,PS_DeirAllaDistrict,pipeline
,,PS_DeirAllaDistrict,pipeline
35.58476998049875,32.151479891526705,PS_DeirAllaDistrict,pipeline
35.587529980508506,32.14049989147387,PS_DeirAllaDistrict,pipeline
35.58925998051459,32.13363989144085,PS_DeirAllaDistrict,pipeline
,,PS_DeirAllaDistrict,pipeline
35.58476998049875,32.151479891526705,PS_DeirAllaDistrict,pipeline
35.587529980508506,32.14049989147387,PS_DeirAllaDistrict,pipeline
35.58925998051459,32.13363989144085,PS_DeirAllaDistrict,pipeline
,,PS_DeirAllaDistrict,pipeline
35.58925998051459,32.13363989144085,PS_DeirAllaDistrict,pipeline
35.587029980513684,32.12832989141546,PS_DeirAllaDistrict,pipeline
35.587099980516264,32.12332989139147,PS_DeirAllaDistrict,pipeline
,,PS_DeirAllaDistrict,pipeline
35.58925998051459,32.13363989144085,PS_DeirAllaDistrict,pipeline
35.587029980513684,32.12832989141546,PS_DeirAllaDistrict,pipeline
35.587099980516264,32.12332989139147,PS_DeirAllaDistrict,pipeline
,,PS_DeirAllaDistrict,pipeline
35.587099980516264,32.12332989139147,PS_DeirAllaDistrict,pipeline
35.595169980530706,32.11977989137404,PS_DeirAllaDistrict,pipeline
35.600019980539436,32.11755989136315,PS_DeirAllaDistrict,pipeline
,,PS_DeirAllaDistrict,pipeline
35.659299980670276,32.040549890990896,PS_Salt,pipeline
35.67370998069583,32.03441989096077,PS_Salt,pipeline
,,PS_Salt,pipeline
35.67370998069583,32.03441989096077,PS_Salt,pipeline
35.6868099807188,32.0293698909359,PS_Salt,pipeline
35.691140331963474,32.02562111987355,PS_Salt,pipeline
,,PS_Salt,pipeline
35.659299980670276,32.040549890990896,PS_Salt,pipeline
35.67370998069583,32.03441989096077,PS_Salt,pipeline
,,PS_Salt,pipeline
35.67370998069583,32.03441989096077,PS_Salt,pipeline
35.6868099807188,32.0293698909359,PS_Salt,pipeline
35.691140331963474,32.02562111987355,PS_Salt,pipeline
,,PS_Salt,pipeline
35.691140331963474,32.02562111987355,PS_Salt,pipeline
35.684429980724,32.01112989084865,PS_Salt,pipeline
,,PS_Salt,pipeline
35.691140331963474,32.02562111987355,PS_Salt,pipeline
35.684429980724,32.01112989084865,PS_Salt,pipeline
,,PS_Salt,pipeline
35.684429980724,32.01112989084865,PS_Salt,pipeline
35.667029980699425,32.00571989082361,PS_Salt,pipeline
,,PS_Salt,pipeline
35.84077,32.04480999999999,PS_SafutM_AbuNusair,pipeline
35.84269,32.04731999999999,PS_SafutM_AbuNusair,pipeline
35.84269,32.05223,PS_SafutM_AbuNusair,pipeline
35.84699,32.05544,PS_SafutM_AbuNusair,pipeline
,,PS_SafutM_AbuNusair,pipeline
35.84077,32.04480999999999,PS_SafutM_AbuNusair,pipeline
35.84269,32.04731999999999,PS_SafutM_AbuNusair,pipeline
35.84269,32.05223,PS_SafutM_AbuNusair,pipeline
35.84699,32.05544,PS_SafutM_AbuNusair,pipeline
,,PS_SafutM_AbuNusair,pipeline
35.84699,32.05544,PS_SafutM_AbuNusair,pipeline
35.8539,32.06515,PS_SafutM_AbuNusair,pipeline
,,PS_SafutM_AbuNusair,pipeline
35.84699,32.05544,PS_SafutM_AbuNusair,pipeline
35.8539,32.06515,PS_SafutM_AbuNusair,pipeline
,,PS_SafutM_AbuNusair,pipeline
35.8539,32.06515,PS_SafutM_AbuNusair,pipeline
35.85965,32.07385,PS_SafutM_AbuNusair,pipeline
,,PS_SafutM_AbuNusair,pipeline
35.8539,32.06515,PS_SafutM_AbuNusair,pipeline
35.85965,32.07385,PS_SafutM_AbuNusair,pipeline
,,PS_SafutM_AbuNusair,pipeline
35.85965,32.07385,PS_SafutM_AbuNusair,pipeline
35.85822,32.08073,PS_SafutM_AbuNusair,pipeline
,,PS_SafutM_AbuNusair,pipeline
35.85965,32.07385,PS_SafutM_AbuNusair,pipeline
35.85822,32.08073,PS_SafutM_AbuNusair,pipeline
,,PS_SafutM_AbuNusair,pipeline
35.85822,32.08073,PS_SafutM_AbuNusair,pipeline
35.85326,32.10399000000001,PS_SafutM_AbuNusair,pipeline
35.84537,32.12568,PS_SafutM_AbuNusair,pipeline
,,PS_SafutM_AbuNusair,pipeline
35.79956,32.03650999999999,PL_ZayDabouqToBasha,pipeline
35.80923,32.03572,PL_ZayDabouqToBasha,pipeline
35.82362,32.03717,PL_ZayDabouqToBasha,pipeline
35.84077,32.04480999999999,PL_ZayDabouqToBasha,pipeline
,,PL_ZayDabouqToBasha,pipeline
35.79956,32.03650999999999,PL_ZayDabouqToBasha,pipeline
35.80923,32.03572,PL_ZayDabouqToBasha,pipeline
35.82362,32.03717,PL_ZayDabouqToBasha,pipeline
35.84077,32.04480999999999,PL_ZayDabouqToBasha,pipeline
,,PL_ZayDabouqToBasha,pipeline
35.74233,32.01528999999999,PS_Ain Al Azraq,pipeline
35.74362,32.01087,PS_Ain Al Azraq,pipeline
,,PS_Ain Al Azraq,pipeline
35.74362,32.01087,PS_Ain Al Azraq,pipeline
35.74429,32.00645000000001,PS_Ain Al Azraq,pipeline
35.74441,31.997319999999995,PS_Ain Al Azraq,pipeline
,,PS_Ain Al Azraq,pipeline
35.74362,32.01087,PS_Ain Al Azraq,pipeline
35.74429,32.00645000000001,PS_Ain Al Azraq,pipeline
35.74441,31.997319999999995,PS_Ain Al Azraq,pipeline
,,PS_Ain Al Azraq,pipeline
35.74441,31.997319999999995,PS_Ain Al Azraq,pipeline
35.7476,31.98771,PS_Ain Al Azraq,pipeline
,,PS_Ain Al Azraq,pipeline
35.74441,31.997319999999995,PS_Ain Al Azraq,pipeline
35.7476,31.98771,PS_Ain Al Azraq,pipeline
,,PS_Ain Al Azraq,pipeline
35.7476,31.98771,PS_Ain Al Azraq,pipeline
35.7491,31.97786,PS_Ain Al Azraq,pipeline
,,PS_Ain Al Azraq,pipeline
35.78535,32.045,PL_DeirAlla_Fuhais,pipeline
35.78096,32.03898999999999,PL_DeirAlla_Fuhais,pipeline
35.77719,32.033840000000005,PL_DeirAlla_Fuhais,pipeline
35.74441,31.997319999999995,PL_DeirAlla_Fuhais,pipeline
,,PL_DeirAlla_Fuhais,pipeline
35.78535,32.045,PL_DeirAlla_Fuhais,pipeline
35.78096,32.03898999999999,PL_DeirAlla_Fuhais,pipeline
35.77719,32.033840000000005,PL_DeirAlla_Fuhais,pipeline
35.74441,31.997319999999995,PL_DeirAlla_Fuhais,pipeline
,,PL_DeirAlla_Fuhais,pipeline
35.575149981798994,29.60099987965153,PL_DisiAqaba,pipeline
35.5749999817951,29.60778987968212,PL_DisiAqaba,pipeline
35.57492998179027,29.616559879721596,PL_DisiAqaba,pipeline
,,PL_DisiAqaba,pipeline
35.57492998179027,29.616559879721596,PL_DisiAqaba,pipeline
35.57196998177662,29.633809879799667,PL_DisiAqaba,pipeline
,,PL_DisiAqaba,pipeline
35.57492998179027,29.616559879721596,PL_DisiAqaba,pipeline
35.57196998177662,29.633809879799667,PL_DisiAqaba,pipeline
,,PL_DisiAqaba,pipeline
35.57196998177662,29.633809879799667,PL_DisiAqaba,pipeline
35.5443599817005,29.700159880102504,PL_DisiAqaba,pipeline
,,PL_DisiAqaba,pipeline
35.57196998177662,29.633809879799667,PL_DisiAqaba,pipeline
35.5443599817005,29.700159880102504,PL_DisiAqaba,pipeline
,,PL_DisiAqaba,pipeline
35.5443599817005,29.700159880102504,PL_DisiAqaba,pipeline
35.534809981673924,29.723519880209206,PL_DisiAqaba,pipeline
,,PL_DisiAqaba,pipeline
35.5443599817005,29.700159880102504,PL_DisiAqaba,pipeline
35.534809981673924,29.723519880209206,PL_DisiAqaba,pipeline
,,PL_DisiAqaba,pipeline
35.534809981673924,29.723519880209206,PL_DisiAqaba,pipeline
35.533639981632874,29.796349880538422,PL_DisiAqaba,pipeline
,,PL_DisiAqaba,pipeline
35.55402998138989,30.30838988286901,PS_Qa,pipeline
35.55336998139145,30.30356988284695,PS_Qa,pipeline
,,PS_Qa,pipeline
35.55336998139145,30.30356988284695,PS_Qa,pipeline
35.54873998138873,30.295689882811327,PS_Qa,pipeline
35.5514499813957,30.29011988278547,PS_Qa,pipeline
35.55288998139985,30.286289882767754,PS_Qa,pipeline
,,PS_Qa,pipeline
35.55336998139145,30.30356988284695,PS_Qa,pipeline
35.54873998138873,30.295689882811327,PS_Qa,pipeline
35.5514499813957,30.29011988278547,PS_Qa,pipeline
35.55288998139985,30.286289882767754,PS_Qa,pipeline
,,PS_Qa,pipeline
35.55288998139985,30.286289882767754,PS_Qa,pipeline
35.55702998141025,30.278259882730453,PS_Qa,pipeline
35.557739981413484,30.274119882711386,PS_Qa,pipeline
,,PS_Qa,pipeline
35.55288998139985,30.286289882767754,PS_Qa,pipeline
35.55702998141025,30.278259882730453,PS_Qa,pipeline
35.557739981413484,30.274119882711386,PS_Qa,pipeline
,,PS_Qa,pipeline
35.557739981413484,30.274119882711386,PS_Qa,pipeline
35.54863998140574,30.263199882662366,PS_Qa,pipeline
,,PS_Qa,pipeline
35.557739981413484,30.274119882711386,PS_Qa,pipeline
35.54863998140574,30.263199882662366,PS_Qa,pipeline
,,PS_Qa,pipeline
35.54863998140574,30.263199882662366,PS_Qa,pipeline
35.53125998138247,30.258369882642207,PS_Qa,pipeline
,,PS_Qa,pipeline
35.54863998140574,30.263199882662366,PS_Qa,pipeline
35.53125998138247,30.258369882642207,PS_Qa,pipeline
,,PS_Qa,pipeline
35.53125998138247,30.258369882642207,PS_Qa,pipeline
35.50605998134808,30.25251988261832,PS_Qa,pipeline
,,PS_Qa,pipeline
35.71474,30.129819999999995,PS_Maan,pipeline
35.74747,30.124220000000005,PS_Maan,pipeline
,,PS_Maan,pipeline
35.74747,30.124220000000005,PS_Maan,pipeline
35.77888,30.11506,PS_Maan,pipeline
,,PS_Maan,pipeline
35.74747,30.124220000000005,PS_Maan,pipeline
35.77888,30.11506,PS_Maan,pipeline
,,PS_Maan,pipeline
35.77888,30.11506,PS_Maan,pipeline
35.79945,30.101049999999997,PS_Maan,pipeline
,,PS_Maan,pipeline
35.77888,30.11506,PS_Maan,pipeline
35.79945,30.101049999999997,PS_Maan,pipeline
,,PS_Maan,pipeline
35.79945,30.101049999999997,PS_Maan,pipeline
35.8118,30.09288,PS_Maan,pipeline
,,PS_Maan,pipeline
35.85148,30.78875,PS_Hasa,pipeline
35.842060000000004,30.794719999999998,PS_Hasa,pipeline
,,PS_Hasa,pipeline
35.842060000000004,30.794719999999998,PS_Hasa,pipeline
35.82887,30.802659999999996,PS_Hasa,pipeline
,,PS_Hasa,pipeline
35.842060000000004,30.794719999999998,PS_Hasa,pipeline
35.82887,30.802659999999996,PS_Hasa,pipeline
,,PS_Hasa,pipeline
35.82887,30.802659999999996,PS_Hasa,pipeline
35.79955,30.81058,PS_Hasa,pipeline
,,PS_Hasa,pipeline
35.82887,30.802659999999996,PS_Hasa,pipeline
35.79955,30.81058,PS_Hasa,pipeline
,,PS_Hasa,pipeline
35.79955,30.81058,PS_Hasa,pipeline
35.79198,30.81289,PS_Hasa,pipeline
35.786,30.812580000000008,PS_Hasa,pipeline
35.77598,30.812300000000004,PS_Hasa,pipeline
,,PS_Hasa,pipeline
35.79955,30.81058,PS_Hasa,pipeline
35.79198,30.81289,PS_Hasa,pipeline
35.786,30.812580000000008,PS_Hasa,pipeline
35.77598,30.812300000000004,PS_Hasa,pipeline
,,PS_Hasa,pipeline
35.77598,30.812300000000004,PS_Hasa,pipeline
35.76808,30.812259999999984,PS_Hasa,pipeline
35.76017,30.812329999999992,PS_Hasa,pipeline
,,PS_Hasa,pipeline
35.77598,30.812300000000004,PS_Hasa,pipeline
35.76808,30.812259999999984,PS_Hasa,pipeline
35.76017,30.812329999999992,PS_Hasa,pipeline
,,PS_Hasa,pipeline
35.76017,30.812329999999992,PS_Hasa,pipeline
35.73991,30.811750000000004,PS_Hasa,pipeline
35.72395,30.8072,PS_Hasa,pipeline
,,PS_Hasa,pipeline
35.71018,31.288680000000003,PS_Al Qasr,pipeline
35.71435,31.295019999999997,PS_Al Qasr,pipeline
,,PS_Al Qasr,pipeline
35.71435,31.295019999999997,PS_Al Qasr,pipeline
35.7192,31.30085,PS_Al Qasr,pipeline
35.72012,31.30306,PS_Al Qasr,pipeline
,,PS_Al Qasr,pipeline
35.71435,31.295019999999997,PS_Al Qasr,pipeline
35.7192,31.30085,PS_Al Qasr,pipeline
35.72012,31.30306,PS_Al Qasr,pipeline
,,PS_Al Qasr,pipeline
35.72012,31.30306,PS_Al Qasr,pipeline
35.72422,31.307890000000008,PS_Al Qasr,pipeline
35.72632,31.31330999999999,PS_Al Qasr,pipeline
,,PS_Al Qasr,pipeline
35.72012,31.30306,PS_Al Qasr,pipeline
35.72422,31.307890000000008,PS_Al Qasr,pipeline
35.72632,31.31330999999999,PS_Al Qasr,pipeline
,,PS_Al Qasr,pipeline
35.72632,31.31330999999999,PS_Al Qasr,pipeline
35.72699,31.322599999999994,PS_Al Qasr,pipeline
,,PS_Al Qasr,pipeline
35.72632,31.31330999999999,PS_Al Qasr,pipeline
35.72699,31.322599999999994,PS_Al Qasr,pipeline
,,PS_Al Qasr,pipeline
35.72699,31.322599999999994,PS_Al Qasr,pipeline
35.729,31.331060000000004,PS_Al Qasr,pipeline
,,PS_Al Qasr,pipeline
35.72699,31.322599999999994,PS_Al Qasr,pipeline
35.729,31.331060000000004,PS_Al Qasr,pipeline
,,PS_Al Qasr,pipeline
35.729,31.331060000000004,PS_Al Qasr,pipeline
35.73144,31.346819999999997,PS_Al Qasr,pipeline
,,PS_Al Qasr,pipeline
35.77471,31.171929999999993,PL_GhwairQasr,pipeline
35.76551,31.17572,PL_GhwairQasr,pipeline
,,PL_GhwairQasr,pipeline
35.76551,31.17572,PL_GhwairQasr,pipeline
35.75969,31.186830000000004,PL_GhwairQasr,pipeline
35.75793,31.190700000000007,PL_GhwairQasr,pipeline
,,PL_GhwairQasr,pipeline
35.76551,31.17572,PL_GhwairQasr,pipeline
35.75969,31.186830000000004,PL_GhwairQasr,pipeline
35.75793,31.190700000000007,PL_GhwairQasr,pipeline
,,PL_GhwairQasr,pipeline
35.75793,31.190700000000007,PL_GhwairQasr,pipeline
35.75301,31.200720000000008,PL_GhwairQasr,pipeline
,,PL_GhwairQasr,pipeline
35.75793,31.190700000000007,PL_GhwairQasr,pipeline
35.75301,31.200720000000008,PL_GhwairQasr,pipeline
,,PL_GhwairQasr,pipeline
35.75301,31.200720000000008,PL_GhwairQasr,pipeline
35.74065,31.215249999999994,PL_GhwairQasr,pipeline
,,PL_GhwairQasr,pipeline
35.75301,31.200720000000008,PL_GhwairQasr,pipeline
35.74065,31.215249999999994,PL_GhwairQasr,pipeline
,,PL_GhwairQasr,pipeline
35.74065,31.215249999999994,PL_GhwairQasr,pipeline
35.73617,31.22687,PL_GhwairQasr,pipeline
35.73546,31.23091,PL_GhwairQasr,pipeline
,,PL_GhwairQasr,pipeline
35.74065,31.215249999999994,PL_GhwairQasr,pipeline
35.73617,31.22687,PL_GhwairQasr,pipeline
35.73546,31.23091,PL_GhwairQasr,pipeline
,,PL_GhwairQasr,pipeline
35.73546,31.23091,PL_GhwairQasr,pipeline
35.73456,31.236889999999995,PL_GhwairQasr,pipeline
35.73262,31.24053,PL_GhwairQasr,pipeline
,,PL_GhwairQasr,pipeline
35.73546,31.23091,PL_GhwairQasr,pipeline
35.73456,31.236889999999995,PL_GhwairQasr,pipeline
35.73262,31.24053,PL_GhwairQasr,pipeline
,,PL_GhwairQasr,pipeline
35.73262,31.24053,PL_GhwairQasr,pipeline
35.73135,31.243059999999996,PL_GhwairQasr,pipeline
35.7303,31.24883000000001,PL_GhwairQasr,pipeline
35.71435,31.295019999999997,PL_GhwairQasr,pipeline
,,PL_GhwairQasr,pipeline
35.73262,31.24053,PL_GhwairQasr,pipeline
35.73135,31.243059999999996,PL_GhwairQasr,pipeline
35.7303,31.24883000000001,PL_GhwairQasr,pipeline
35.71435,31.295019999999997,PL_GhwairQasr,pipeline
,,PL_GhwairQasr,pipeline
36.07592,32.00764,PS_Ain Ghazal,pipeline
36.07439,32.007380000000005,PS_Ain Ghazal,pipeline
,,PS_Ain Ghazal,pipeline
36.07439,32.007380000000005,PS_Ain Ghazal,pipeline
36.07099,32.00535,PS_Ain Ghazal,pipeline
36.06784,32.00376,PS_Ain Ghazal,pipeline
36.05812,31.99832,PS_Ain Ghazal,pipeline
36.05278,31.995940000000008,PS_Ain Ghazal,pipeline
36.0448,31.991730000000004,PS_Ain Ghazal,pipeline
,,PS_Ain Ghazal,pipeline
36.07439,32.007380000000005,PS_Ain Ghazal,pipeline
36.07099,32.00535,PS_Ain Ghazal,pipeline
36.06784,32.00376,PS_Ain Ghazal,pipeline
36.05812,31.99832,PS_Ain Ghazal,pipeline
36.05278,31.995940000000008,PS_Ain Ghazal,pipeline
36.0448,31.991730000000004,PS_Ain Ghazal,pipeline
,,PS_Ain Ghazal,pipeline
36.0448,31.991730000000004,PS_Ain Ghazal,pipeline
36.0347,31.986170000000005,PS_Ain Ghazal,pipeline
,,PS_Ain Ghazal,pipeline
36.0448,31.991730000000004,PS_Ain Ghazal,pipeline
36.0347,31.986170000000005,PS_Ain Ghazal,pipeline
,,PS_Ain Ghazal,pipeline
36.0347,31.986170000000005,PS_Ain Ghazal,pipeline
36.02904,31.983870000000007,PS_Ain Ghazal,pipeline
36.02329,31.97763000000001,PS_Ain Ghazal,pipeline
36.02228,31.976060000000007,PS_Ain Ghazal,pipeline
,,PS_Ain Ghazal,pipeline
36.0347,31.986170000000005,PS_Ain Ghazal,pipeline
36.02904,31.983870000000007,PS_Ain Ghazal,pipeline
36.02329,31.97763000000001,PS_Ain Ghazal,pipeline
36.02228,31.976060000000007,PS_Ain Ghazal,pipeline
,,PS_Ain Ghazal,pipeline
36.02228,31.976060000000007,PS_Ain Ghazal,pipeline
36.01585,31.969090000000012,PS_Ain Ghazal,pipeline
36.01037000000001,31.960569999999997,PS_Ain Ghazal,pipeline
36.00817,31.957659999999994,PS_Ain Ghazal,pipeline
36.00105,31.947880000000023,PS_Ain Ghazal,pipeline
,,PS_Ain Ghazal,pipeline
36.02228,31.976060000000007,PS_Ain Ghazal,pipeline
36.01585,31.969090000000012,PS_Ain Ghazal,pipeline
36.01037000000001,31.960569999999997,PS_Ain Ghazal,pipeline
36.00817,31.957659999999994,PS_Ain Ghazal,pipeline
36.00105,31.947880000000023,PS_Ain Ghazal,pipeline
,,PS_Ain Ghazal,pipeline
36.00105,31.947880000000023,PS_Ain Ghazal,pipeline
35.99461,31.937700000000007,PS_Ain Ghazal,pipeline
35.99376,31.936100000000003,PS_Ain Ghazal,pipeline
,,PS_Ain Ghazal,pipeline
35.96709,31.885050000000007,PS_Abu Alanda,pipeline
35.96745,31.884739999999997,PS_Abu Alanda,pipeline
35.973200000000006,31.884480000000007,PS_Abu Alanda,pipeline
,,PS_Abu Alanda,pipeline
35.973200000000006,31.884480000000007,PS_Abu Alanda,pipeline
35.97948000000001,31.883109999999995,PS_Abu Alanda,pipeline
35.98687,31.88215,PS_Abu Alanda,pipeline
,,PS_Abu Alanda,pipeline
35.973200000000006,31.884480000000007,PS_Abu Alanda,pipeline
35.97948000000001,31.883109999999995,PS_Abu Alanda,pipeline
35.98687,31.88215,PS_Abu Alanda,pipeline
,,PS_Abu Alanda,pipeline
35.98687,31.88215,PS_Abu Alanda,pipeline
35.99194,31.883050000000008,PS_Abu Alanda,pipeline
35.99681,31.883499999999998,PS_Abu Alanda,pipeline
36.00413000000001,31.884889999999988,PS_Abu Alanda,pipeline
36.01532,31.885410000000007,PS_Abu Alanda,pipeline
,,PS_Abu Alanda,pipeline
35.98687,31.88215,PS_Abu Alanda,pipeline
35.99194,31.883050000000008,PS_Abu Alanda,pipeline
35.99681,31.883499999999998,PS_Abu Alanda,pipeline
36.00413000000001,31.884889999999988,PS_Abu Alanda,pipeline
36.01532,31.885410000000007,PS_Abu Alanda,pipeline
,,PS_Abu Alanda,pipeline
36.01532,31.885410000000007,PS_Abu Alanda,pipeline
36.02496,31.888090000000005,PS_Abu Alanda,pipeline
,,PS_Abu Alanda,pipeline
36.01532,31.885410000000007,PS_Abu Alanda,pipeline
36.02496,31.888090000000005,PS_Abu Alanda,pipeline
,,PS_Abu Alanda,pipeline
36.02496,31.888090000000005,PS_Abu Alanda,pipeline
36.03665,31.88948,PS_Abu Alanda,pipeline
,,PS_Abu Alanda,pipeline
36.02496,31.888090000000005,PS_Abu Alanda,pipeline
36.03665,31.88948,PS_Abu Alanda,pipeline
,,PS_Abu Alanda,pipeline
36.03665,31.88948,PS_Abu Alanda,pipeline
36.04232,31.89167,PS_Abu Alanda,pipeline
,,PS_Abu Alanda,pipeline
36.03665,31.88948,PS_Abu Alanda,pipeline
36.04232,31.89167,PS_Abu Alanda,pipeline
,,PS_Abu Alanda,pipeline
36.04232,31.89167,PS_Abu Alanda,pipeline
36.05042,31.89306000000001,PS_Abu Alanda,pipeline
36.05185,31.89338,PS_Abu Alanda,pipeline
,,PS_Abu Alanda,pipeline
35.61663998052993,32.190329891711905,PL_ToDeirAlla,pipeline
35.609069980521426,32.1833498916787,PL_ToDeirAlla,pipeline
35.60220998051315,32.17813989165397,PL_ToDeirAlla,pipeline
35.59931998051047,32.1743498916359,PL_ToDeirAlla,pipeline
35.594499980504324,32.171359891621755,PL_ToDeirAlla,pipeline
,,PL_ToDeirAlla,pipeline
35.594499980504324,32.171359891621755,PL_ToDeirAlla,pipeline
35.58177998048919,32.161329891574155,PL_ToDeirAlla,pipeline
,,PL_ToDeirAlla,pipeline
35.61663998052993,32.190329891711905,PL_ToDeirAlla,pipeline
35.609069980521426,32.1833498916787,PL_ToDeirAlla,pipeline
35.60220998051315,32.17813989165397,PL_ToDeirAlla,pipeline
35.59931998051047,32.1743498916359,PL_ToDeirAlla,pipeline
35.594499980504324,32.171359891621755,PL_ToDeirAlla,pipeline
,,PL_ToDeirAlla,pipeline
35.594499980504324,32.171359891621755,PL_ToDeirAlla,pipeline
35.58177998048919,32.161329891574155,PL_ToDeirAlla,pipeline
,,PL_ToDeirAlla,pipeline
35.581349980252696,32.64529989391087,KAC,pipeline
35.58316998026045,32.63527989386219,KAC,pipeline
,,KAC,pipeline
35.58316998026045,32.63527989386219,KAC,pipeline
35.59002998029447,32.58761989363083,KAC,pipeline
35.5910399802979,32.58386989361262,KAC,pipeline
,,KAC,pipeline
35.581349980252696,32.64529989391087,KAC,pipeline
35.58316998026045,32.63527989386219,KAC,pipeline
,,KAC,pipeline
35.58316998026045,32.63527989386219,KAC,pipeline
35.59002998029447,32.58761989363083,KAC,pipeline
35.5910399802979,32.58386989361262,KAC,pipeline
,,KAC,pipeline
35.5910399802979,32.58386989361262,KAC,pipeline
35.5887199803146,32.5416998934084,KAC,pipeline
35.567949980347926,32.40513989274887,KAC,pipeline
,,KAC,pipeline
35.5910399802979,32.58386989361262,KAC,pipeline
35.5887199803146,32.5416998934084,KAC,pipeline
35.567949980347926,32.40513989274887,KAC,pipeline
,,KAC,pipeline
35.567949980347926,32.40513989274887,KAC,pipeline
35.57456998043891,32.24055989195538,KAC,pipeline
35.57547998044439,32.23231989191568,KAC,pipeline
,,KAC,pipeline
35.567949980347926,32.40513989274887,KAC,pipeline
35.57456998043891,32.24055989195538,KAC,pipeline
35.57547998044439,32.23231989191568,KAC,pipeline
,,KAC,pipeline
35.57547998044439,32.23231989191568,KAC,pipeline
35.5701899804593,32.1849498916882,KAC,pipeline
,,KAC,pipeline
35.57547998044439,32.23231989191568,KAC,pipeline
35.5701899804593,32.1849498916882,KAC,pipeline
,,KAC,pipeline
35.5701899804593,32.1849498916882,KAC,pipeline
35.55868998048763,32.0906098912359,KAC,pipeline
,,KAC,pipeline
35.5701899804593,32.1849498916882,KAC,pipeline
35.55868998048763,32.0906098912359,KAC,pipeline
,,KAC,pipeline
35.55868998048763,32.0906098912359,KAC,pipeline
35.558809980491546,32.08311989119999,KAC,pipeline
35.55185998048767,32.06879989113171,KAC,pipeline
,,KAC,pipeline
35.86226,29.558029999999995,PL_Disi,pipeline
35.87983,29.64328,PL_Disi,pipeline
35.95959,30.025480000000005,PL_Disi,pipeline
36.09227,30.634459999999994,PL_Disi,pipeline
36.14242,30.98117999999999,PL_Disi,pipeline
36.15305,31.13862,PL_Disi,pipeline
36.16662,31.297230000000003,PL_Disi,pipeline
36.17764,31.414899999999992,PL_Disi,pipeline
35.991310000000006,31.82065,PL_Disi,pipeline
,,PL_Disi,pipeline
35.991310000000006,31.82065,PL_Disi,pipeline
35.98415,31.83377,PL_Disi,pipeline
35.97838,31.844090000000005,PL_Disi,pipeline
35.97473,31.852000000000004,PL_Disi,pipeline
35.97321,31.854910000000004,PL_Disi,pipeline
,,PL_Disi,pipeline
35.86226,29.558029999999995,PL_Disi,pipeline
35.87983,29.64328,PL_Disi,pipeline
35.95959,30.025480000000005,PL_Disi,pipeline
36.09227,30.634459999999994,PL_Disi,pipeline
36.14242,30.98117999999999,PL_Disi,pipeline
36.15305,31.13862,PL_Disi,pipeline
36.16662,31.297230000000003,PL_Disi,pipeline
36.17764,31.414899999999992,PL_Disi,pipeline
35.991310000000006,31.82065,PL_Disi,pipeline
,,PL_Disi,pipeline
35.991310000000006,31.82065,PL_Disi,pipeline
35.98415,31.83377,PL_Disi,pipeline
35.97838,31.844090000000005,PL_Disi,pipeline
35.97473,31.852000000000004,PL_Disi,pipeline
35.97321,31.854910000000004,PL_Disi,pipeline
,,PL_Disi,pipeline
35.97321,31.854910000000004,PL_Disi,pipeline
35.96965,31.87012,PL_Disi,pipeline
,,PL_Disi,pipeline
35.60010998027203,32.667499894018064,Yarmouk2KAC,pipeline
35.59224998026403,32.65799989397217,Yarmouk2KAC,pipeline
35.581349980252696,32.64529989391087,Yarmouk2KAC,pipeline
,,Yarmouk2KAC,pipeline
35.60010998027203,32.667499894018064,Yarmouk2KAC,pipeline
35.59224998026403,32.65799989397217,Yarmouk2KAC,pipeline
35.581349980252696,32.64529989391087,Yarmouk2KAC,pipeline
,,Yarmouk2KAC,pipeline
35.66300998060479,32.18659989169185,ZC3,pipeline
35.577179980373934,32.38186989263616,ZC3,pipeline
,,ZC3,pipeline
35.66300998060479,32.18659989169185,ZC3,pipeline
35.577179980373934,32.38186989263616,ZC3,pipeline
,,ZC3,pipeline
35.577179980373934,32.38186989263616,ZC3,pipeline
35.576549980366494,32.39507989269995,ZC3,pipeline
,,ZC3,pipeline
35.73613,32.075610000000005,PL_DeirAllaSalt,pipeline
35.7036,32.0706,PL_DeirAllaSalt,pipeline
35.659299980670276,32.040549890990896,PL_DeirAllaSalt,pipeline
,,PL_DeirAllaSalt,pipeline
35.73613,32.075610000000005,PL_DeirAllaSalt,pipeline
35.7036,32.0706,PL_DeirAllaSalt,pipeline
35.659299980670276,32.040549890990896,PL_DeirAllaSalt,pipeline
,,PL_DeirAllaSalt,pipeline
35.93066,31.23718999999999,PS_Ghwair,pipeline
35.900980000000004,31.245410000000003,PS_Ghwair,pipeline
,,PS_Ghwair,pipeline
35.93066,31.23718999999999,PS_Ghwair,pipeline
35.900980000000004,31.245410000000003,PS_Ghwair,pipeline
,,PS_Ghwair,pipeline
35.900980000000004,31.245410000000003,PS_Ghwair,pipeline
35.89939,31.246010000000002,PS_Ghwair,pipeline
35.88716,31.250789999999995,PS_Ghwair,pipeline
,,PS_Ghwair,pipeline
35.900980000000004,31.245410000000003,PS_Ghwair,pipeline
35.89939,31.246010000000002,PS_Ghwair,pipeline
35.88716,31.250789999999995,PS_Ghwair,pipeline
,,PS_Ghwair,pipeline
35.88716,31.250789999999995,PS_Ghwair,pipeline
35.86061,31.259399999999996,PS_Ghwair,pipeline
35.82033,31.269719999999996,PS_Ghwair,pipeline
35.80656,31.2752,PS_Ghwair,pipeline
,,PS_Ghwair,pipeline
35.88716,31.250789999999995,PS_Ghwair,pipeline
35.86061,31.259399999999996,PS_Ghwair,pipeline
35.82033,31.269719999999996,PS_Ghwair,pipeline
35.80656,31.2752,PS_Ghwair,pipeline
,,PS_Ghwair,pipeline
35.80656,31.2752,PS_Ghwair,pipeline
35.79831,31.277189999999997,PS_Ghwair,pipeline
35.77529,31.259849999999993,PS_Ghwair,pipeline
35.74065,31.215249999999994,PS_Ghwair,pipeline
,,PS_Ghwair,pipeline
35.80656,31.2752,PS_Ghwair,pipeline
35.79831,31.277189999999997,PS_Ghwair,pipeline
35.77529,31.259849999999993,PS_Ghwair,pipeline
35.74065,31.215249999999994,PS_Ghwair,pipeline
,,PS_Ghwair,pipeline
36.07094,31.40273,PL_KarakAmman,pipeline
36.06752,31.412169999999993,PL_KarakAmman,pipeline
,,PL_KarakAmman,pipeline
36.06752,31.412169999999993,PL_KarakAmman,pipeline
36.06349,31.42256,PL_KarakAmman,pipeline
36.06141,31.42740999999999,PL_KarakAmman,pipeline
36.05884,31.43644000000002,PL_KarakAmman,pipeline
,,PL_KarakAmman,pipeline
36.06752,31.412169999999993,PL_KarakAmman,pipeline
36.06349,31.42256,PL_KarakAmman,pipeline
36.06141,31.42740999999999,PL_KarakAmman,pipeline
36.05884,31.43644000000002,PL_KarakAmman,pipeline
,,PL_KarakAmman,pipeline
36.05884,31.43644000000002,PL_KarakAmman,pipeline
36.05471,31.44635,PL_KarakAmman,pipeline
36.05219,31.453919999999993,PL_KarakAmman,pipeline
,,PL_KarakAmman,pipeline
36.05884,31.43644000000002,PL_KarakAmman,pipeline
36.05471,31.44635,PL_KarakAmman,pipeline
36.05219,31.453919999999993,PL_KarakAmman,pipeline
,,PL_KarakAmman,pipeline
36.05219,31.453919999999993,PL_KarakAmman,pipeline
36.04436,31.469129999999996,PL_KarakAmman,pipeline
,,PL_KarakAmman,pipeline
36.05219,31.453919999999993,PL_KarakAmman,pipeline
36.04436,31.469129999999996,PL_KarakAmman,pipeline
,,PL_KarakAmman,pipeline
36.04436,31.469129999999996,PL_KarakAmman,pipeline
36.02288,31.522310000000004,PL_KarakAmman,pipeline
,,PL_KarakAmman,pipeline
36.04436,31.469129999999996,PL_KarakAmman,pipeline
36.02288,31.522310000000004,PL_KarakAmman,pipeline
,,PL_KarakAmman,pipeline
36.02288,31.522310000000004,PL_KarakAmman,pipeline
36.00023,31.576830000000005,PL_KarakAmman,pipeline
,,PL_KarakAmman,pipeline
36.02288,31.522310000000004,PL_KarakAmman,pipeline
36.00023,31.576830000000005,PL_KarakAmman,pipeline
,,PL_KarakAmman,pipeline
36.00023,31.576830000000005,PL_KarakAmman,pipeline
35.94015,31.717080000000006,PL_KarakAmman,pipeline
,,PL_KarakAmman,pipeline
36.00023,31.576830000000005,PL_KarakAmman,pipeline
35.94015,31.717080000000006,PL_KarakAmman,pipeline
,,PL_KarakAmman,pipeline
35.94015,31.717080000000006,PL_KarakAmman,pipeline
35.92858,31.7409,PL_KarakAmman,pipeline
,,PL_KarakAmman,pipeline
35.94015,31.717080000000006,PL_KarakAmman,pipeline
35.92858,31.7409,PL_KarakAmman,pipeline
,,PL_KarakAmman,pipeline
35.92858,31.7409,PL_KarakAmman,pipeline
35.90368,31.799549999999996,PL_KarakAmman,pipeline
,,PL_KarakAmman,pipeline
35.92858,31.7409,PL_KarakAmman,pipeline
35.90368,31.799549999999996,PL_KarakAmman,pipeline
,,PL_KarakAmman,pipeline
35.90368,31.799549999999996,PL_KarakAmman,pipeline
35.89976,31.80859999999999,PL_KarakAmman,pipeline
,,PL_KarakAmman,pipeline
35.90368,31.799549999999996,PL_KarakAmman,pipeline
35.89976,31.80859999999999,PL_KarakAmman,pipeline
,,PL_KarakAmman,pipeline
35.89976,31.80859999999999,PL_KarakAmman,pipeline
35.89592,31.81787,PL_KarakAmman,pipeline
,,PL_KarakAmman,pipeline
35.89976,31.80859999999999,PL_KarakAmman,pipeline
35.89592,31.81787,PL_KarakAmman,pipeline
,,PL_KarakAmman,pipeline
35.89592,31.81787,PL_KarakAmman,pipeline
35.89106,31.830449999999985,PL_KarakAmman,pipeline
,,PL_KarakAmman,pipeline
35.89592,31.81787,PL_KarakAmman,pipeline
35.89106,31.830449999999985,PL_KarakAmman,pipeline
,,PL_KarakAmman,pipeline
35.89106,31.830449999999985,PL_KarakAmman,pipeline
35.85823,31.904450000000008,PL_KarakAmman,pipeline
,,PL_KarakAmman,pipeline
35.89106,31.830449999999985,PL_KarakAmman,pipeline
35.85823,31.904450000000008,PL_KarakAmman,pipeline
,,PL_KarakAmman,pipeline
35.85823,31.904450000000008,PL_KarakAmman,pipeline
35.84491,31.935129999999997,PL_KarakAmman,pipeline
35.84359,31.937389999999997,PL_KarakAmman,pipeline
,,PL_KarakAmman,pipeline
35.80439,31.854289999999995,PL_ZaraMain2SZ09SZ06,pipeline
35.84158000000001,31.839439999999993,PL_ZaraMain2SZ09SZ06,pipeline
35.89592,31.81787,PL_ZaraMain2SZ09SZ06,pipeline
,,PL_ZaraMain2SZ09SZ06,pipeline
35.80439,31.854289999999995,PL_ZaraMain2SZ09SZ06,pipeline
35.84158000000001,31.839439999999993,PL_ZaraMain2SZ09SZ06,pipeline
35.89592,31.81787,PL_ZaraMain2SZ09SZ06,pipeline
,,PL_ZaraMain2SZ09SZ06,pipeline
36.04562,32.00886,PL_ZayDabouq2Russeifa,pipeline
36.04397,32.01373999999999,PL_ZayDabouq2Russeifa,pipeline
36.05132,32.01825,PL_ZayDabouq2Russeifa,pipeline
36.07116,32.038900000000005,PL_ZayDabouq2Russeifa,pipeline
,,PL_ZayDabouq2Russeifa,pipeline
36.04562,32.00886,PL_ZayDabouq2Russeifa,pipeline
36.04397,32.01373999999999,PL_ZayDabouq2Russeifa,pipeline
36.05132,32.01825,PL_ZayDabouq2Russeifa,pipeline
36.07116,32.038900000000005,PL_ZayDabouq2Russeifa,pipeline
,,PL_ZayDabouq2Russeifa,pipeline
35.991310000000006,31.82065,Disi2AbuAlanda,pipeline
35.98576,31.85071,Disi2AbuAlanda,pipeline
35.98435,31.859620000000007,Disi2AbuAlanda,pipeline
35.9856,31.865209999999994,Disi2AbuAlanda,pipeline
35.98684,31.870789999999996,Disi2AbuAlanda,pipeline
35.98687,31.88215,Disi2AbuAlanda,pipeline
,,Disi2AbuAlanda,pipeline
35.991310000000006,31.82065,Disi2AbuAlanda,pipeline
35.98576,31.85071,Disi2AbuAlanda,pipeline
35.98435,31.859620000000007,Disi2AbuAlanda,pipeline
35.9856,31.865209999999994,Disi2AbuAlanda,pipeline
35.98684,31.870789999999996,Disi2AbuAlanda,pipeline
35.98687,31.88215,Disi2AbuAlanda,pipeline
,,Disi2AbuAlanda,pipeline
36.03528,31.93942000000001,PS_AinGhasal_AMSZ02,pipeline
36.02017,31.92982,PS_AinGhasal_AMSZ02,pipeline
,,PS_AinGhasal_AMSZ02,pipeline
36.02017,31.92982,PS_AinGhasal_AMSZ02,pipeline
36.00386,31.922709999999995,PS_AinGhasal_AMSZ02,pipeline
,,PS_AinGhasal_AMSZ02,pipeline
36.03528,31.93942000000001,PS_AinGhasal_AMSZ02,pipeline
36.02017,31.92982,PS_AinGhasal_AMSZ02,pipeline
,,PS_AinGhasal_AMSZ02,pipeline
36.02017,31.92982,PS_AinGhasal_AMSZ02,pipeline
36.00386,31.922709999999995,PS_AinGhasal_AMSZ02,pipeline
,,PS_AinGhasal_AMSZ02,pipeline
36.00386,31.922709999999995,PS_AinGhasal_AMSZ02,pipeline
36.00122,31.92029,PS_AinGhasal_AMSZ02,pipeline
35.9928,31.917129999999986,PS_AinGhasal_AMSZ02,pipeline
,,PS_AinGhasal_AMSZ02,pipeline
35.81872,32.53101999999999,PL_WadiArab2Hofa,pipeline
35.88174,32.48407000000001,PL_WadiArab2Hofa,pipeline
35.8997,32.47079,PL_WadiArab2Hofa,pipeline
35.90298,32.4682,PL_WadiArab2Hofa,pipeline
35.90616,32.4655,PL_WadiArab2Hofa,pipeline
,,PL_WadiArab2Hofa,pipeline
35.81872,32.53101999999999,PL_WadiArab2Hofa,pipeline
35.88174,32.48407000000001,PL_WadiArab2Hofa,pipeline
35.8997,32.47079,PL_WadiArab2Hofa,pipeline
35.90298,32.4682,PL_WadiArab2Hofa,pipeline
35.90616,32.4655,PL_WadiArab2Hofa,pipeline
,,PL_WadiArab2Hofa,pipeline
35.86043,32.4819,PL_Hofa Jarash,pipeline
35.87453,32.425909999999995,PL_Hofa Jarash,pipeline
35.88414,32.39148999999999,PL_Hofa Jarash,pipeline
35.88472,32.35494,PL_Hofa Jarash,pipeline
35.88567,32.30359,PL_Hofa Jarash,pipeline
,,PL_Hofa Jarash,pipeline
35.86043,32.4819,PL_Hofa Jarash,pipeline
35.87453,32.425909999999995,PL_Hofa Jarash,pipeline
35.88414,32.39148999999999,PL_Hofa Jarash,pipeline
35.88472,32.35494,PL_Hofa Jarash,pipeline
35.88567,32.30359,PL_Hofa Jarash,pipeline
,,PL_Hofa Jarash,pipeline
35.97321,31.854910000000004,PL_DISI2Dabouq,pipeline
35.90109,31.922980000000006,PL_DISI2Dabouq,pipeline
35.86975,31.956970000000002,PL_DISI2Dabouq,pipeline
35.85286,32.00138,PL_DISI2Dabouq,pipeline
,,PL_DISI2Dabouq,pipeline
35.97321,31.854910000000004,PL_DISI2Dabouq,pipeline
35.90109,31.922980000000006,PL_DISI2Dabouq,pipeline
35.86975,31.956970000000002,PL_DISI2Dabouq,pipeline
35.85286,32.00138,PL_DISI2Dabouq,pipeline
,,PL_DISI2Dabouq,pipeline
35.94708,32.26405,PS_Jerash,pipeline
35.93858,32.27466,PS_Jerash,pipeline
,,PS_Jerash,pipeline
35.93858,32.27466,PS_Jerash,pipeline
35.9306,32.28385999999999,PS_Jerash,pipeline
,,PS_Jerash,pipeline
35.93858,32.27466,PS_Jerash,pipeline
35.9306,32.28385999999999,PS_Jerash,pipeline
,,PS_Jerash,pipeline
35.9306,32.28385999999999,PS_Jerash,pipeline
35.927580000000006,32.28936999999999,PS_Jerash,pipeline
35.92114,32.293980000000005,PS_Jerash,pipeline
,,PS_Jerash,pipeline
35.9306,32.28385999999999,PS_Jerash,pipeline
35.927580000000006,32.28936999999999,PS_Jerash,pipeline
35.92114,32.293980000000005,PS_Jerash,pipeline
,,PS_Jerash,pipeline
35.92114,32.293980000000005,PS_Jerash,pipeline
35.91688,32.30050000000001,PS_Jerash,pipeline
35.90858,32.3103,PS_Jerash,pipeline
,,PS_Jerash,pipeline
35.92114,32.293980000000005,PS_Jerash,pipeline
35.91688,32.30050000000001,PS_Jerash,pipeline
35.90858,32.3103,PS_Jerash,pipeline
,,PS_Jerash,pipeline
35.90858,32.3103,PS_Jerash,pipeline
35.90326,32.31727999999999,PS_Jerash,pipeline
35.89992,32.322340000000004,PS_Jerash,pipeline
,,PS_Jerash,pipeline
35.90858,32.3103,PS_Jerash,pipeline
35.90326,32.31727999999999,PS_Jerash,pipeline
35.89992,32.322340000000004,PS_Jerash,pipeline
,,PS_Jerash,pipeline
35.89992,32.322340000000004,PS_Jerash,pipeline
35.88567,32.30359,PS_Jerash,pipeline
,,PS_Jerash,pipeline
35.89992,32.322340000000004,PS_Jerash,pipeline
35.88567,32.30359,PS_Jerash,pipeline
,,PS_Jerash,pipeline
35.88567,32.30359,PS_Jerash,pipeline
35.87813,32.29388,PS_Jerash,pipeline
,,PS_Jerash,pipeline
35.88567,32.30359,PS_Jerash,pipeline
35.87813,32.29388,PS_Jerash,pipeline
,,PS_Jerash,pipeline
35.87813,32.29388,PS_Jerash,pipeline
35.8758,32.29049,PS_Jerash,pipeline
35.87042,32.28417000000001,PS_Jerash,pipeline
,,PS_Jerash,pipeline
36.08212,32.044,PL_Khaw2AinGhsal,pipeline
36.07005,32.02665,PL_Khaw2AinGhsal,pipeline
36.06667,32.02373999999999,PL_Khaw2AinGhsal,pipeline
36.05772,32.00895,PL_Khaw2AinGhsal,pipeline
,,PL_Khaw2AinGhsal,pipeline
36.08212,32.044,PL_Khaw2AinGhsal,pipeline
36.07005,32.02665,PL_Khaw2AinGhsal,pipeline
36.06667,32.02373999999999,PL_Khaw2AinGhsal,pipeline
36.05772,32.00895,PL_Khaw2AinGhsal,pipeline
,,PL_Khaw2AinGhsal,pipeline
36.04947,31.278400000000005,PL_Karak2AmmanbeforeDISI,pipeline
36.05337,31.305979999999995,PL_Karak2AmmanbeforeDISI,pipeline
,,PL_Karak2AmmanbeforeDISI,pipeline
36.05337,31.305979999999995,PL_Karak2AmmanbeforeDISI,pipeline
36.05369,31.30792,PL_Karak2AmmanbeforeDISI,pipeline
36.05387,31.30968,PL_Karak2AmmanbeforeDISI,pipeline
36.05425,31.31223,PL_Karak2AmmanbeforeDISI,pipeline
36.06023,31.358400000000007,PL_Karak2AmmanbeforeDISI,pipeline
,,PL_Karak2AmmanbeforeDISI,pipeline
36.05337,31.305979999999995,PL_Karak2AmmanbeforeDISI,pipeline
36.05369,31.30792,PL_Karak2AmmanbeforeDISI,pipeline
36.05387,31.30968,PL_Karak2AmmanbeforeDISI,pipeline
36.05425,31.31223,PL_Karak2AmmanbeforeDISI,pipeline
36.06023,31.358400000000007,PL_Karak2AmmanbeforeDISI,pipeline
,,PL_Karak2AmmanbeforeDISI,pipeline
36.06023,31.358400000000007,PL_Karak2AmmanbeforeDISI,pipeline
36.06075,31.370179999999994,PL_Karak2AmmanbeforeDISI,pipeline
,,PL_Karak2AmmanbeforeDISI,pipeline
36.06023,31.358400000000007,PL_Karak2AmmanbeforeDISI,pipeline
36.06075,31.370179999999994,PL_Karak2AmmanbeforeDISI,pipeline
,,PL_Karak2AmmanbeforeDISI,pipeline
36.06075,31.370179999999994,PL_Karak2AmmanbeforeDISI,pipeline
36.06271,31.380989999999997,PL_Karak2AmmanbeforeDISI,pipeline
36.06752,31.412169999999993,PL_Karak2AmmanbeforeDISI,pipeline
,,PL_Karak2AmmanbeforeDISI,pipeline
36.06075,31.370179999999994,PL_Karak2AmmanbeforeDISI,pipeline
36.06271,31.380989999999997,PL_Karak2AmmanbeforeDISI,pipeline
36.06752,31.412169999999993,PL_Karak2AmmanbeforeDISI,pipeline
,,PL_Karak2AmmanbeforeDISI,pipeline
36.04232,31.89167,PL_AbuAlanda2Khaw,pipeline
36.05515,31.889360000000003,PL_AbuAlanda2Khaw,pipeline
36.07087,31.892200000000003,PL_AbuAlanda2Khaw,pipeline
36.08668,31.890449999999994,PL_AbuAlanda2Khaw,pipeline
36.12017,31.894460000000002,PL_AbuAlanda2Khaw,pipeline
36.16116,31.90654999999999,PL_AbuAlanda2Khaw,pipeline
36.43766,32.003629999999994,PL_AbuAlanda2Khaw,pipeline
,,PL_AbuAlanda2Khaw,pipeline
36.04232,31.89167,PL_AbuAlanda2Khaw,pipeline
36.05515,31.889360000000003,PL_AbuAlanda2Khaw,pipeline
36.07087,31.892200000000003,PL_AbuAlanda2Khaw,pipeline
36.08668,31.890449999999994,PL_AbuAlanda2Khaw,pipeline
36.12017,31.894460000000002,PL_AbuAlanda2Khaw,pipeline
36.16116,31.90654999999999,PL_AbuAlanda2Khaw,pipeline
36.43766,32.003629999999994,PL_AbuAlanda2Khaw,pipeline
,,PL_AbuAlanda2Khaw,pipeline
35.71669,32.09604,PL_ZaytoDabouq,pipeline
35.73613,32.075610000000005,PL_ZaytoDabouq,pipeline
,,PL_ZaytoDabouq,pipeline
35.73613,32.075610000000005,PL_ZaytoDabouq,pipeline
35.78535,32.045,PL_ZaytoDabouq,pipeline
,,PL_ZaytoDabouq,pipeline
35.71669,32.09604,PL_ZaytoDabouq,pipeline
35.73613,32.075610000000005,PL_ZaytoDabouq,pipeline
,,PL_ZaytoDabouq,pipeline
35.73613,32.075610000000005,PL_ZaytoDabouq,pipeline
35.78535,32.045,PL_ZaytoDabouq,pipeline
,,PL_ZaytoDabouq,pipeline
35.78535,32.045,PL_ZaytoDabouq,pipeline
35.79956,32.03650999999999,PL_ZaytoDabouq,pipeline
,,PL_ZaytoDabouq,pipeline
35.78535,32.045,PL_ZaytoDabouq,pipeline
35.79956,32.03650999999999,PL_ZaytoDabouq,pipeline
,,PL_ZaytoDabouq,pipeline
35.79956,32.03650999999999,PL_ZaytoDabouq,pipeline
35.81629,32.018919999999994,PL_ZaytoDabouq,pipeline
35.82887,32.00474,PL_ZaytoDabouq,pipeline
35.83779,31.99689,PL_ZaytoDabouq,pipeline
,,PL_ZaytoDabouq,pipeline
35.79956,32.03650999999999,PL_ZaytoDabouq,pipeline
35.81629,32.018919999999994,PL_ZaytoDabouq,pipeline
35.82887,32.00474,PL_ZaytoDabouq,pipeline
35.83779,31.99689,PL_ZaytoDabouq,pipeline
,,PL_ZaytoDabouq,pipeline
35.8293,31.99479,PL_Dab_AinGhazal,pipeline
35.83779,31.99689,PL_Dab_AinGhazal,pipeline
,,PL_Dab_AinGhazal,pipeline
35.83779,31.99689,PL_Dab_AinGhazal,pipeline
35.85286,32.00138,PL_Dab_AinGhazal,pipeline
,,PL_Dab_AinGhazal,pipeline
35.83779,31.99689,PL_Dab_AinGhazal,pipeline
35.85286,32.00138,PL_Dab_AinGhazal,pipeline
,,PL_Dab_AinGhazal,pipeline
35.85286,32.00138,PL_Dab_AinGhazal,pipeline
35.87974,32.007799999999996,PL_Dab_AinGhazal,pipeline
,,PL_Dab_AinGhazal,pipeline
35.85286,32.00138,PL_Dab_AinGhazal,pipeline
35.87974,32.007799999999996,PL_Dab_AinGhazal,pipeline
,,PL_Dab_AinGhazal,pipeline
35.87974,32.007799999999996,PL_Dab_AinGhazal,pipeline
35.9049,32.01332000000001,PL_Dab_AinGhazal,pipeline
,,PL_Dab_AinGhazal,pipeline
35.87974,32.007799999999996,PL_Dab_AinGhazal,pipeline
35.9049,32.01332000000001,PL_Dab_AinGhazal,pipeline
,,PL_Dab_AinGhazal,pipeline
35.9049,32.01332000000001,PL_Dab_AinGhazal,pipeline
35.93693,32.02286999999999,PL_Dab_AinGhazal,pipeline
35.94795,32.0249,PL_Dab_AinGhazal,pipeline
36.03709,32.00900000000001,PL_Dab_AinGhazal,pipeline
36.04562,32.00886,PL_Dab_AinGhazal,pipeline
,,PL_Dab_AinGhazal,pipeline
35.9049,32.01332000000001,PL_Dab_AinGhazal,pipeline
35.93693,32.02286999999999,PL_Dab_AinGhazal,pipeline
35.94795,32.0249,PL_Dab_AinGhazal,pipeline
36.03709,32.00900000000001,PL_Dab_AinGhazal,pipeline
36.04562,32.00886,PL_Dab_AinGhazal,pipeline
,,PL_Dab_AinGhazal,pipeline
36.04562,32.00886,PL_Dab_AinGhazal,pipeline
36.05772,32.00895,PL_Dab_AinGhazal,pipeline
,,PL_Dab_AinGhazal,pipeline
36.04562,32.00886,PL_Dab_AinGhazal,pipeline
36.05772,32.00895,PL_Dab_AinGhazal,pipeline
,,PL_Dab_AinGhazal,pipeline
36.05772,32.00895,PL_Dab_AinGhazal,pipeline
36.07235,32.00758999999999,PL_Dab_AinGhazal,pipeline
36.07439,32.007380000000005,PL_Dab_AinGhazal,pipeline
,,PL_Dab_AinGhazal,pipeline
36.05772,32.00895,PL_Dab_AinGhazal,pipeline
36.07235,32.00758999999999,PL_Dab_AinGhazal,pipeline
36.07439,32.007380000000005,PL_Dab_AinGhazal,pipeline
,,PL_Dab_AinGhazal,pipeline
35.57896998067327,31.78038988975236,PS_ZaraMain,pipeline
35.58154998067416,31.786699889782266,PS_ZaraMain,pipeline
,,PS_ZaraMain,pipeline
35.58154998067416,31.786699889782266,PS_ZaraMain,pipeline
35.59502998068926,31.798569889837992,PS_ZaraMain,pipeline
35.60189998069295,31.812649889904694,PS_ZaraMain,pipeline
,,PS_ZaraMain,pipeline
35.58154998067416,31.786699889782266,PS_ZaraMain,pipeline
35.59502998068926,31.798569889837992,PS_ZaraMain,pipeline
35.60189998069295,31.812649889904694,PS_ZaraMain,pipeline
,,PS_ZaraMain,pipeline
35.60189998069295,31.812649889904694,PS_ZaraMain,pipeline
35.61463998070989,31.81853988993204,PS_ZaraMain,pipeline
,,PS_ZaraMain,pipeline
35.60189998069295,31.812649889904694,PS_ZaraMain,pipeline
35.61463998070989,31.81853988993204,PS_ZaraMain,pipeline
,,PS_ZaraMain,pipeline
35.61463998070989,31.81853988993204,PS_ZaraMain,pipeline
35.64260998075189,31.82166988994534,PS_ZaraMain,pipeline
35.69322340840262,31.83243153585697,PS_ZaraMain,pipeline
35.702643834739646,31.834300831515733,PS_ZaraMain,pipeline
35.73381,31.84046000000001,PS_ZaraMain,pipeline
35.75543,31.84466,PS_ZaraMain,pipeline
,,PS_ZaraMain,pipeline
35.61463998070989,31.81853988993204,PS_ZaraMain,pipeline
35.64260998075189,31.82166988994534,PS_ZaraMain,pipeline
35.69322340840262,31.83243153585697,PS_ZaraMain,pipeline
35.702643834739646,31.834300831515733,PS_ZaraMain,pipeline
35.73381,31.84046000000001,PS_ZaraMain,pipeline
35.75543,31.84466,PS_ZaraMain,pipeline
,,PS_ZaraMain,pipeline
35.75543,31.84466,PS_ZaraMain,pipeline
35.79637,31.85370000000001,PS_ZaraMain,pipeline
35.80439,31.854289999999995,PS_ZaraMain,pipeline
,,PS_ZaraMain,pipeline
35.75543,31.84466,PS_ZaraMain,pipeline
35.79637,31.85370000000001,PS_ZaraMain,pipeline
35.80439,31.854289999999995,PS_ZaraMain,pipeline
,,PS_ZaraMain,pipeline
35.80439,31.854289999999995,PS_ZaraMain,pipeline
35.81097,31.85586,PS_ZaraMain,pipeline
35.81358,31.855970000000003,PS_ZaraMain,pipeline
35.89633,31.881869999999992,PS_ZaraMain,pipeline
,,PS_ZaraMain,pipeline
35.80439,31.854289999999995,PS_ZaraMain,pipeline
35.81097,31.85586,PS_ZaraMain,pipeline
35.81358,31.855970000000003,PS_ZaraMain,pipeline
35.89633,31.881869999999992,PS_ZaraMain,pipeline
,,PS_ZaraMain,pipeline
35.89633,31.881869999999992,PS_ZaraMain,pipeline
35.95243,31.897779999999994,PS_ZaraMain,pipeline
,,PS_ZaraMain,pipeline
35.89633,31.881869999999992,PS_ZaraMain,pipeline
35.95243,31.897779999999994,PS_ZaraMain,pipeline
,,PS_ZaraMain,pipeline
35.95243,31.897779999999994,PS_ZaraMain,pipeline
35.95999,31.90131000000001,PS_ZaraMain,pipeline
35.96645,31.90247,PS_ZaraMain,pipeline
,,PS_ZaraMain,pipeline
35.95243,31.897779999999994,PS_ZaraMain,pipeline
35.95999,31.90131000000001,PS_ZaraMain,pipeline
35.96645,31.90247,PS_ZaraMain,pipeline
,,PS_ZaraMain,pipeline
35.96645,31.90247,PS_ZaraMain,pipeline
35.98667,31.895549999999993,PS_ZaraMain,pipeline
35.99279,31.89421,PS_ZaraMain,pipeline
36.01532,31.885410000000007,PS_ZaraMain,pipeline
,,PS_ZaraMain,pipeline
35.96645,31.90247,PS_ZaraMain,pipeline
35.98667,31.895549999999993,PS_ZaraMain,pipeline
35.99279,31.89421,PS_ZaraMain,pipeline
36.01532,31.885410000000007,PS_ZaraMain,pipeline
,,PS_ZaraMain,pipeline
35.5910399802979,32.58386989361262,New Resource North,pipeline
35.61710998033918,32.58455989361513,New Resource North,pipeline
35.63880998037327,32.58568989361989,New Resource North,pipeline
35.67160998042572,32.58538989361736,New Resource North,pipeline
,,New Resource North,pipeline
35.5910399802979,32.58386989361262,New Resource North,pipeline
35.61710998033918,32.58455989361513,New Resource North,pipeline
35.63880998037327,32.58568989361989,New Resource North,pipeline
35.67160998042572,32.58538989361736,New Resource North,pipeline
,,New Resource North,pipeline
35.03565998100193,29.6091498797651,PL_RedDead,pipeline
35.059059981029236,29.622319879820683,PL_RedDead,pipeline
,,PL_RedDead,pipeline
35.059059981029236,29.622319879820683,PL_RedDead,pipeline
35.08124998105491,29.635119879874864,PL_RedDead,pipeline
,,PL_RedDead,pipeline
35.059059981029236,29.622319879820683,PL_RedDead,pipeline
35.08124998105491,29.635119879874864,PL_RedDead,pipeline
,,PL_RedDead,pipeline
35.08124998105491,29.635119879874864,PL_RedDead,pipeline
35.09934998107566,29.645959879920866,PL_RedDead,pipeline
35.67381998174144,29.97767988134329,PL_RedDead,pipeline
35.74872,29.972150000000003,PL_RedDead,pipeline
35.90412,29.956820000000004,PL_RedDead,pipeline
35.92516,30.05285,PL_RedDead,pipeline
,,PL_RedDead,pipeline
35.08124998105491,29.635119879874864,PL_RedDead,pipeline
35.09934998107566,29.645959879920866,PL_RedDead,pipeline
35.67381998174144,29.97767988134329,PL_RedDead,pipeline
35.74872,29.972150000000003,PL_RedDead,pipeline
35.90412,29.956820000000004,PL_RedDead,pipeline
35.92516,30.05285,PL_RedDead,pipeline
,,PL_RedDead,pipeline
35.92516,30.05285,PL_RedDead,pipeline
36.06209,30.713000000000008,PL_RedDead,pipeline
,,PL_RedDead,pipeline
35.92516,30.05285,PL_RedDead,pipeline
36.06209,30.713000000000008,PL_RedDead,pipeline
,,PL_RedDead,pipeline
36.06209,30.713000000000008,PL_RedDead,pipeline
36.07014,30.746130000000004,PL_RedDead,pipeline
36.12226,31.179759999999998,PL_RedDead,pipeline
,,PL_RedDead,pipeline
36.06209,30.713000000000008,PL_RedDead,pipeline
36.07014,30.746130000000004,PL_RedDead,pipeline
36.12226,31.179759999999998,PL_RedDead,pipeline
,,PL_RedDead,pipeline
36.12226,31.179759999999998,PL_RedDead,pipeline
36.15056,31.409980000000004,PL_RedDead,pipeline
36.01064,31.718330000000005,PL_RedDead,pipeline
35.97039,31.81675999999999,PL_RedDead,pipeline
35.95815,31.849439999999998,PL_RedDead,pipeline
35.973200000000006,31.884480000000007,PL_RedDead,pipeline
,,PL_RedDead,pipeline
36.12226,31.179759999999998,PL_RedDead,pipeline
36.15056,31.409980000000004,PL_RedDead,pipeline
36.01064,31.718330000000005,PL_RedDead,pipeline
35.97039,31.81675999999999,PL_RedDead,pipeline
35.95815,31.849439999999998,PL_RedDead,pipeline
35.973200000000006,31.884480000000007,PL_RedDead,pipeline
,,PL_RedDead,pipeline
36.06209,30.713000000000008,PL_RedDeadToTafileh,pipeline
36.03868,30.72113,PL_RedDeadToTafileh,pipeline
35.842060000000004,30.794719999999998,PL_RedDeadToTafileh,pipeline
,,PL_RedDeadToTafileh,pipeline
36.06209,30.713000000000008,PL_RedDeadToTafileh,pipeline
36.03868,30.72113,PL_RedDeadToTafileh,pipeline
35.842060000000004,30.794719999999998,PL_RedDeadToTafileh,pipeline
,,PL_RedDeadToTafileh,pipeline
36.12226,31.179759999999998,PL_RedDeadToKarak,pipeline
36.08113,31.19307999999999,PL_RedDeadToKarak,pipeline
36.03361,31.208830000000003,PL_RedDeadToKarak,pipeline
35.9573,31.229530000000004,PL_RedDeadToKarak,pipeline
35.93066,31.23718999999999,PL_RedDeadToKarak,pipeline
,,PL_RedDeadToKarak,pipeline
36.12226,31.179759999999998,PL_RedDeadToKarak,pipeline
36.08113,31.19307999999999,PL_RedDeadToKarak,pipeline
36.03361,31.208830000000003,PL_RedDeadToKarak,pipeline
35.9573,31.229530000000004,PL_RedDeadToKarak,pipeline
35.93066,31.23718999999999,PL_RedDeadToKarak,pipeline
,,PL_RedDeadToKarak,pipeline
36.23551,32.07969,PL_KhawZaatari,pipeline
36.24502,32.11305000000001,PL_KhawZaatari,pipeline
36.26217,32.17208000000001,PL_KhawZaatari,pipeline
36.27517,32.21607,PL_KhawZaatari,pipeline
36.28107,32.23506999999999,PL_KhawZaatari,pipeline
,,PL_KhawZaatari,pipeline
36.23551,32.07969,PL_KhawZaatari,pipeline
36.24502,32.11305000000001,PL_KhawZaatari,pipeline
36.26217,32.17208000000001,PL_KhawZaatari,pipeline
36.27517,32.21607,PL_KhawZaatari,pipeline
36.28107,32.23506999999999,PL_KhawZaatari,pipeline
,,PL_KhawZaatari,pipeline
36.28107,32.23506999999999,PL_KhawZaatari,pipeline
36.28113,32.2371,PL_KhawZaatari,pipeline
36.28791,32.25016999999999,PL_KhawZaatari,pipeline
36.32404,32.31294,PL_KhawZaatari,pipeline
,,PL_KhawZaatari,pipeline
36.28107,32.23506999999999,PL_KhawZaatari,pipeline
36.28113,32.2371,PL_KhawZaatari,pipeline
36.28791,32.25016999999999,PL_KhawZaatari,pipeline
36.32404,32.31294,PL_KhawZaatari,pipeline
,,PL_KhawZaatari,pipeline
36.28107,32.23506999999999,pl_khaldiah,pipeline
36.28044,32.235420000000005,pl_khaldiah,pipeline
36.27298,32.24345,pl_khaldiah,pipeline
36.21719,32.29963,pl_khaldiah,pipeline
,,pl_khaldiah,pipeline
36.28107,32.23506999999999,pl_khaldiah,pipeline
36.28044,32.235420000000005,pl_khaldiah,pipeline
36.27298,32.24345,pl_khaldiah,pipeline
36.21719,32.29963,pl_khaldiah,pipeline
,,pl_khaldiah,pipeline
36.21719,32.29963,pl_khaldiah,pipeline
36.20866,32.30908999999999,pl_khaldiah,pipeline
,,pl_khaldiah,pipeline
36.00023,31.576830000000005,PS_Amman2Madaba,pipeline
36.00023,31.576830000000005,PS_Amman2Madaba,pipeline
35.96896,31.571920000000006,PS_Amman2Madaba,pipeline
35.76498,31.535100000000003,PS_Amman2Madaba,pipeline
,,PS_Amman2Madaba,pipeline
36.00023,31.576830000000005,PS_Amman2Madaba,pipeline
36.00023,31.576830000000005,PS_Amman2Madaba,pipeline
35.96896,31.571920000000006,PS_Amman2Madaba,pipeline
35.76498,31.535100000000003,PS_Amman2Madaba,pipeline
,,PS_Amman2Madaba,pipeline
35.91532,32.46234,PL_Mafraq2Irbid,pipeline
35.90613,32.478880000000004,PL_Mafraq2Irbid,pipeline
35.90156,32.48641,PL_Mafraq2Irbid,pipeline
,,PL_Mafraq2Irbid,pipeline
35.91532,32.46234,PL_Mafraq2Irbid,pipeline
35.90613,32.478880000000004,PL_Mafraq2Irbid,pipeline
35.90156,32.48641,PL_Mafraq2Irbid,pipeline
,,PL_Mafraq2Irbid,pipeline
35.90156,32.48641,PL_Mafraq2Irbid,pipeline
35.86734,32.54396,PL_Mafraq2Irbid,pipeline
,,PL_Mafraq2Irbid,pipeline
35.90156,32.48641,PL_Mafraq2Irbid,pipeline
35.86734,32.54396,PL_Mafraq2Irbid,pipeline
,,PL_Mafraq2Irbid,pipeline
35.86734,32.54396,PL_Mafraq2Irbid,pipeline
35.86108,32.5536,PL_Mafraq2Irbid,pipeline
,,PL_Mafraq2Irbid,pipeline
